,Compound,left,right,a_TRAN,a_LMD,a_glove_TRAN,a_glove_LMD,a_bert_TRAN,a_bert_LMD
0,aboveground,above,ground,4.439397629189283,4.962909548784549,1.8434148533366328,5.002979071423539,4.3175148752500006,4.735517194
1,airbase,air,base,4.439397629189283,4.962909548784549,1.8434148533366328,5.002979071423539,4.3175148752500006,4.735517194
2,airborne,air,borne,4.439397629189283,4.962909548784549,1.8434148533366328,5.002979071423539,4.3175148752500006,4.735517194
3,aircraft,air,craft,4.484965731420793,4.962909548784549,1.8638309288411108,4.997164254750984,4.3175148752500006,4.735517194
4,airfield,air,field,4.439397629189283,4.962909548784549,1.8434148533366328,5.002979071423539,4.3175148752500006,4.735517194
5,airflow,air,flow,4.439397629189283,4.962909548784549,1.8434148533366328,5.002979071423539,4.3175148752500006,4.735517194
6,airlift,air,lift,4.439397629189283,4.962909548784549,1.8434148533366328,5.002979071423539,4.3175148752500006,4.735517194
7,airline,air,line,4.439397629189283,4.962909548784549,1.8434148533366328,5.002979071423539,4.3175148752500006,4.735517194
8,airmail,air,mail,4.454586996599787,4.962909548784549,1.8502202118381255,5.0010407991993535,4.3175148752500006,4.735517194
9,airplane,air,plane,4.591291303294318,4.962909548784549,1.9114684383515597,4.9835963491816875,4.3175148752500006,4.735517194
10,airport,air,port,4.454586996599787,4.962909548784549,1.8502202118381255,5.0010407991993535,4.3175148752500006,4.735517194
11,airsick,air,sick,4.439397629189283,4.962909548784549,1.8434148533366328,5.002979071423539,4.3175148752500006,4.735517194
12,airspace,air,space,4.484965731420793,4.962909548784549,1.8638309288411108,4.997164254750984,4.3175148752500006,4.735517194
13,airstrip,air,strip,4.439397629189283,4.962909548784549,1.8434148533366328,5.002979071423539,4.3175148752500006,4.735517194
14,airtight,air,tight,4.46977636401029,4.962909548784549,1.8570255703396181,4.999102526975169,4.3175148752500006,4.735517194
15,alongside,along,side,4.56091256847331,4.962909548784549,1.8978577213485743,4.987472893630057,4.3175148752500006,4.735517194
16,anchorman,anchor,man,4.439397629189283,4.962909548784549,1.8434148533366328,5.002979071423539,4.3175148752500006,4.735517194
17,awesome,awe,some,4.5153444662418005,4.962909548784549,1.8774416458440963,4.993287710302613,4.3175148752500006,4.735517194
18,awestruck,awe,struck,4.46977636401029,4.962909548784549,1.8570255703396181,4.999102526975169,4.3175148752500006,4.735517194
19,backache,back,ache,4.530533833652304,4.962909548784549,1.884247004345589,4.991349438078428,4.3175148752500006,4.735517194
20,backbone,back,bone,4.46977636401029,4.962909548784549,1.8570255703396181,4.999102526975169,4.3175148752500006,4.735517194
21,backdrop,back,drop,4.439397629189283,4.962909548784549,1.8434148533366328,5.002979071423539,4.3175148752500006,4.735517194
22,backfire,back,fire,4.439397629189283,4.962909548784549,1.8434148533366328,5.002979071423539,4.3175148752500006,4.735517194
23,background,back,ground,4.439397629189283,4.962909548784549,1.8434148533366328,5.002979071423539,4.3175148752500006,4.735517194
24,backhand,back,hand,4.439397629189283,4.962909548784549,1.8434148533366328,5.002979071423539,4.3175148752500006,4.735517194
25,backlash,back,lash,4.439397629189283,4.962909548784549,1.8434148533366328,5.002979071423539,4.3175148752500006,4.735517194
26,backless,back,less,4.439397629189283,4.962909548784549,1.8434148533366328,5.002979071423539,4.3175148752500006,4.735517194
27,backlog,back,log,4.439397629189283,4.962909548784549,1.8434148533366328,5.002979071423539,4.3175148752500006,4.735517194
28,backpack,back,pack,4.439397629189283,4.962909548784549,1.8434148533366328,5.002979071423539,4.3175148752500006,4.735517194
29,backseat,back,seat,4.454586996599787,4.962909548784549,1.8502202118381255,5.0010407991993535,4.3175148752500006,4.735517194
30,backside,back,side,4.500155098831297,4.962909548784549,1.8706362873426035,4.995225982526798,4.3175148752500006,4.735517194
31,backslide,back,slide,4.439397629189283,4.962909548784549,1.8434148533366328,5.002979071423539,4.3175148752500006,4.735517194
32,backstage,back,stage,4.439397629189283,4.962909548784549,1.8434148533366328,5.002979071423539,4.3175148752500006,4.735517194
33,backstroke,back,stroke,4.439397629189283,4.962909548784549,1.8434148533366328,5.002979071423539,4.3175148752500006,4.735517194
34,backtrack,back,track,4.439397629189283,4.962909548784549,1.8434148533366328,5.002979071423539,4.3175148752500006,4.735517194
35,backup,back,up,4.439397629189283,4.962909548784549,1.8434148533366328,5.002979071423539,4.3175148752500006,4.735517194
36,backwash,back,wash,4.439397629189283,4.962909548784549,1.8434148533366328,5.002979071423539,4.3175148752500006,4.735517194
37,backwater,back,water,4.439397629189283,4.962909548784549,1.8434148533366328,5.002979071423539,4.3175148752500006,4.735517194
38,backyard,back,yard,4.439397629189283,4.962909548784549,1.8434148533366328,5.002979071423539,4.3175148752500006,4.735517194
39,bagpipe,bag,pipe,4.439397629189283,4.962909548784549,1.8434148533366328,5.002979071423539,4.3175148752500006,4.735517194
40,banknote,bank,note,4.454586996599787,4.962909548784549,1.8502202118381255,5.0010407991993535,4.3175148752500006,4.735517194
41,bankroll,bank,roll,4.439397629189283,4.962909548784549,1.8434148533366328,5.002979071423539,4.3175148752500006,4.735517194
42,basketball,basket,ball,4.682427507757338,4.962909548784549,1.9523005893605159,4.971966715836577,4.3175148752500006,4.735517194
43,batman,bat,man,4.682427507757338,4.962909548784549,1.9523005893605159,4.971966715836577,4.3175148752500006,4.735517194
44,bearskin,bear,skin,4.454586996599787,4.962909548784549,1.8502202118381255,5.0010407991993535,4.3175148752500006,4.735517194
45,beefsteak,beef,steak,4.606480670704821,4.962909548784549,1.9182737968530523,4.981658076957502,4.3175148752500006,4.735517194
46,beehive,bee,hive,4.743184977399351,4.962909548784549,1.9795220233664865,4.964213626939836,4.3175148752500006,4.735517194
47,beeline,bee,line,4.500155098831297,4.962909548784549,1.8706362873426035,4.995225982526798,4.3175148752500006,4.735517194
48,beetroot,beet,root,5.244434101945963,4.962909548784549,2.2040988539157453,4.9002506435417255,4.3175148752500006,4.735517194
49,beforehand,before,hand,4.454586996599787,4.962909548784549,1.8502202118381255,5.0010407991993535,4.3175148752500006,4.735517194
50,bellboy,bell,boy,4.454586996599787,4.962909548784549,1.8502202118381255,5.0010407991993535,4.3175148752500006,4.735517194
51,bellhop,bell,hop,4.439397629189283,4.962909548784549,1.8434148533366328,5.002979071423539,4.3175148752500006,4.735517194
52,bittersweet,bitter,sweet,5.122919162661936,4.962909548784549,2.149655985903804,4.915756821335207,4.3175148752500006,4.735517194
53,blindfold,blind,fold,4.439397629189283,4.962909548784549,1.8434148533366328,5.002979071423539,4.3175148752500006,4.735517194
54,boardroom,board,room,4.530533833652304,4.962909548784549,1.884247004345589,4.991349438078428,4.3175148752500006,4.735517194
55,boardwalk,board,walk,4.46977636401029,4.962909548784549,1.8570255703396181,4.999102526975169,4.3175148752500006,4.735517194
56,bodyguard,body,guard,4.46977636401029,4.962909548784549,1.8570255703396181,4.999102526975169,4.3175148752500006,4.735517194
57,borderline,border,line,4.591291303294318,4.962909548784549,1.9114684383515597,4.9835963491816875,4.3175148752500006,4.735517194
58,bottleneck,bottle,neck,4.5153444662418005,4.962909548784549,1.8774416458440963,4.993287710302613,4.3175148752500006,4.735517194
59,boyfriend,boy,friend,4.46977636401029,4.962909548784549,1.8570255703396181,4.999102526975169,4.3175148752500006,4.735517194
60,boyhood,boy,hood,4.454586996599787,4.962909548784549,1.8502202118381255,5.0010407991993535,4.3175148752500006,4.735517194
61,briefcase,brief,case,4.606480670704821,4.962909548784549,1.9182737968530523,4.981658076957502,4.3175148752500006,4.735517194
62,broomstick,broom,stick,4.697616875167841,4.962909548784549,1.9591059478620085,4.970028443612391,4.3175148752500006,4.735517194
63,brotherhood,brother,hood,4.454586996599787,4.962909548784549,1.8502202118381255,5.0010407991993535,4.3175148752500006,4.735517194
64,brownstone,brown,stone,4.439397629189283,4.962909548784549,1.8434148533366328,5.002979071423539,4.3175148752500006,4.735517194
65,bulletproof,bullet,proof,4.439397629189283,4.962909548784549,1.8434148533366328,5.002979071423539,4.3175148752500006,4.735517194
66,bumpkin,bump,kin,4.439397629189283,4.962909548784549,1.8434148533366328,5.002979071423539,4.3175148752500006,4.735517194
67,businesslike,business,like,4.454586996599787,4.962909548784549,1.8502202118381255,5.0010407991993535,4.3175148752500006,4.735517194
68,businessman,business,man,4.697616875167841,4.962909548784549,1.9591059478620085,4.970028443612391,4.3175148752500006,4.735517194
69,busybody,busy,body,4.636859405525827,4.962909548784549,1.9318845138560377,4.977781532509132,4.3175148752500006,4.735517194
70,buttonhole,button,hole,4.803942447041365,4.962909548784549,2.0067434573724574,4.956460538043095,4.3175148752500006,4.735517194
71,calfskin,calf,skin,4.439397629189283,4.962909548784549,1.8434148533366328,5.002979071423539,4.3175148752500006,4.735517194
72,campfire,camp,fire,4.636859405525827,4.962909548784549,1.9318845138560377,4.977781532509132,4.3175148752500006,4.735517194
73,campground,camp,ground,4.439397629189283,4.962909548784549,1.8434148533366328,5.002979071423539,4.3175148752500006,4.735517194
74,campsite,camp,site,4.46977636401029,4.962909548784549,1.8570255703396181,4.999102526975169,4.3175148752500006,4.735517194
75,carefree,care,free,4.46977636401029,4.962909548784549,1.8570255703396181,4.999102526975169,4.3175148752500006,4.735517194
76,carryall,carry,all,4.439397629189283,4.962909548784549,1.8434148533366328,5.002979071423539,4.3175148752500006,4.735517194
77,carryout,carry,out,4.5153444662418005,4.962909548784549,1.8774416458440963,4.993287710302613,4.3175148752500006,4.735517194
78,cartwheel,cart,wheel,4.5153444662418005,4.962909548784549,1.8774416458440963,4.993287710302613,4.3175148752500006,4.735517194
79,castaway,cast,away,4.454586996599787,4.962909548784549,1.8502202118381255,5.0010407991993535,4.3175148752500006,4.735517194
80,castoff,cast,off,4.484965731420793,4.962909548784549,1.8638309288411108,4.997164254750984,4.3175148752500006,4.735517194
81,censorship,censor,ship,4.5761019358838135,4.962909548784549,1.904663079850067,4.985534621405873,4.3175148752500006,4.735517194
82,cheapskate,cheap,skate,4.439397629189283,4.962909548784549,1.8434148533366328,5.002979071423539,4.3175148752500006,4.735517194
83,cheekbone,cheek,bone,4.500155098831297,4.962909548784549,1.8706362873426035,4.995225982526798,4.3175148752500006,4.735517194
84,chestnut,chest,nut,4.500155098831297,4.962909548784549,1.8706362873426035,4.995225982526798,4.3175148752500006,4.735517194
85,chickenpox,chicken,pox,4.439397629189283,4.962909548784549,1.8434148533366328,5.002979071423539,4.3175148752500006,4.735517194
86,choirboy,choir,boy,4.697616875167841,4.962909548784549,1.9591059478620085,4.970028443612391,4.3175148752500006,4.735517194
87,chopstick,chop,stick,4.484965731420793,4.962909548784549,1.8638309288411108,4.997164254750984,4.3175148752500006,4.735517194
88,classmate,class,mate,4.46977636401029,4.962909548784549,1.8570255703396181,4.999102526975169,4.3175148752500006,4.735517194
89,classroom,class,room,4.5761019358838135,4.962909548784549,1.904663079850067,4.985534621405873,4.3175148752500006,4.735517194
90,cleanup,clean,up,4.454586996599787,4.962909548784549,1.8502202118381255,5.0010407991993535,4.3175148752500006,4.735517194
91,clergyman,clergy,man,4.621670038115324,4.962909548784549,1.925079155354545,4.979719804733317,4.3175148752500006,4.735517194
92,cliffhanger,cliff,hanger,4.8343211818623715,4.962909548784549,2.0203541743754427,4.9525839935947245,4.3175148752500006,4.735517194
93,clipboard,clip,board,4.5153444662418005,4.962909548784549,1.8774416458440963,4.993287710302613,4.3175148752500006,4.735517194
94,cloakroom,cloak,room,4.652048772936331,4.962909548784549,1.9386898723575303,4.975843260284947,4.3175148752500006,4.735517194
95,closeup,close,up,4.46977636401029,4.962909548784549,1.8570255703396181,4.999102526975169,4.3175148752500006,4.735517194
96,cloverleaf,clover,leaf,4.56091256847331,4.962909548784549,1.8978577213485743,4.987472893630057,4.3175148752500006,4.735517194
97,coachman,coach,man,4.454586996599787,4.962909548784549,1.8502202118381255,5.0010407991993535,4.3175148752500006,4.735517194
98,coastline,coast,line,4.727995609988848,4.962909548784549,1.9727166648649939,4.9661518991640206,4.3175148752500006,4.735517194
99,codfish,cod,fish,5.2900022041774735,4.962909548784549,2.2245149294202236,4.89443582686917,4.3175148752500006,4.735517194
100,coffeepot,coffee,pot,4.484965731420793,4.962909548784549,1.8638309288411108,4.997164254750984,4.3175148752500006,4.735517194
101,collarbone,collar,bone,4.5761019358838135,4.962909548784549,1.904663079850067,4.985534621405873,4.3175148752500006,4.735517194
102,comeback,come,back,4.530533833652304,4.962909548784549,1.884247004345589,4.991349438078428,4.3175148752500006,4.735517194
103,commonplace,common,place,4.46977636401029,4.962909548784549,1.8570255703396181,4.999102526975169,4.3175148752500006,4.735517194
104,commonwealth,common,wealth,4.439397629189283,4.962909548784549,1.8434148533366328,5.002979071423539,4.3175148752500006,4.735517194
105,corkscrew,cork,screw,4.712806242578345,4.962909548784549,1.9659113063635012,4.968090171388206,4.3175148752500006,4.735517194
106,cottontail,cotton,tail,4.439397629189283,4.962909548784549,1.8434148533366328,5.002979071423539,4.3175148752500006,4.735517194
107,countdown,count,down,4.5761019358838135,4.962909548784549,1.904663079850067,4.985534621405873,4.3175148752500006,4.735517194
108,crossfire,cross,fire,4.454586996599787,4.962909548784549,1.8502202118381255,5.0010407991993535,4.3175148752500006,4.735517194
109,crossover,cross,over,4.484965731420793,4.962909548784549,1.8638309288411108,4.997164254750984,4.3175148752500006,4.735517194
110,crossroad,cross,road,4.530533833652304,4.962909548784549,1.884247004345589,4.991349438078428,4.3175148752500006,4.735517194
111,crosswalk,cross,walk,4.439397629189283,4.962909548784549,1.8434148533366328,5.002979071423539,4.3175148752500006,4.735517194
112,crosswind,cross,wind,4.439397629189283,4.962909548784549,1.8434148533366328,5.002979071423539,4.3175148752500006,4.735517194
113,crosswise,cross,wise,4.439397629189283,4.962909548784549,1.8434148533366328,5.002979071423539,4.3175148752500006,4.735517194
114,crossword,cross,word,4.439397629189283,4.962909548784549,1.8434148533366328,5.002979071423539,4.3175148752500006,4.735517194
115,crybaby,cry,baby,4.864699916683378,4.962909548784549,2.033964891378428,4.9487074491463545,4.3175148752500006,4.735517194
116,cupboard,cup,board,4.454586996599787,4.962909548784549,1.8502202118381255,5.0010407991993535,4.3175148752500006,4.735517194
117,cupcake,cup,cake,4.439397629189283,4.962909548784549,1.8434148533366328,5.002979071423539,4.3175148752500006,4.735517194
118,daredevil,dare,devil,4.682427507757338,4.962909548784549,1.9523005893605159,4.971966715836577,4.3175148752500006,4.735517194
119,daresay,dare,say,4.439397629189283,4.962909548784549,1.8434148533366328,5.002979071423539,4.3175148752500006,4.735517194
120,darkroom,dark,room,4.484965731420793,4.962909548784549,1.8638309288411108,4.997164254750984,4.3175148752500006,4.735517194
121,dartboard,dart,board,5.168487264893447,4.962909548784549,2.170072061408282,4.909942004662652,4.3175148752500006,4.735517194
122,dashboard,dash,board,4.46977636401029,4.962909548784549,1.8570255703396181,4.999102526975169,4.3175148752500006,4.735517194
123,dateline,date,line,4.484965731420793,4.962909548784549,1.8638309288411108,4.997164254750984,4.3175148752500006,4.735517194
124,dimwit,dim,wit,4.5153444662418005,4.962909548784549,1.8774416458440963,4.993287710302613,4.3175148752500006,4.735517194
125,dipstick,dip,stick,4.500155098831297,4.962909548784549,1.8706362873426035,4.995225982526798,4.3175148752500006,4.735517194
126,dockyard,dock,yard,4.500155098831297,4.962909548784549,1.8706362873426035,4.995225982526798,4.3175148752500006,4.735517194
127,dovetail,dove,tail,4.500155098831297,4.962909548784549,1.8706362873426035,4.995225982526798,4.3175148752500006,4.735517194
128,drainpipe,drain,pipe,4.712806242578345,4.962909548784549,1.9659113063635012,4.968090171388206,4.3175148752500006,4.735517194
129,drawback,draw,back,4.500155098831297,4.962909548784549,1.8706362873426035,4.995225982526798,4.3175148752500006,4.735517194
130,drawbridge,draw,bridge,4.454586996599787,4.962909548784549,1.8502202118381255,5.0010407991993535,4.3175148752500006,4.735517194
131,drawstring,draw,string,4.439397629189283,4.962909548784549,1.8434148533366328,5.002979071423539,4.3175148752500006,4.735517194
132,dropout,drop,out,4.864699916683378,4.962909548784549,2.033964891378428,4.9487074491463545,4.3175148752500006,4.735517194
133,drugstore,drug,store,4.530533833652304,4.962909548784549,1.884247004345589,4.991349438078428,4.3175148752500006,4.735517194
134,eastbound,east,bound,4.439397629189283,4.962909548784549,1.8434148533366328,5.002979071423539,4.3175148752500006,4.735517194
135,edgewise,edge,wise,4.439397629189283,4.962909548784549,1.8434148533366328,5.002979071423539,4.3175148752500006,4.735517194
136,elsewhere,else,where,4.8343211818623715,4.962909548784549,2.0203541743754427,4.9525839935947245,4.3175148752500006,4.735517194
137,eyeball,eye,ball,4.606480670704821,4.962909548784549,1.9182737968530523,4.981658076957502,4.3175148752500006,4.735517194
138,eyebrow,eye,brow,4.439397629189283,4.962909548784549,1.8434148533366328,5.002979071423539,4.3175148752500006,4.735517194
139,eyelash,eye,lash,4.500155098831297,4.962909548784549,1.8706362873426035,4.995225982526798,4.3175148752500006,4.735517194
140,eyeless,eye,less,4.439397629189283,4.962909548784549,1.8434148533366328,5.002979071423539,4.3175148752500006,4.735517194
141,eyelid,eye,lid,4.484965731420793,4.962909548784549,1.8638309288411108,4.997164254750984,4.3175148752500006,4.735517194
142,eyesight,eye,sight,4.46977636401029,4.962909548784549,1.8570255703396181,4.999102526975169,4.3175148752500006,4.735517194
143,eyesore,eye,sore,4.454586996599787,4.962909548784549,1.8502202118381255,5.0010407991993535,4.3175148752500006,4.735517194
144,eyestrain,eye,strain,4.439397629189283,4.962909548784549,1.8434148533366328,5.002979071423539,4.3175148752500006,4.735517194
145,eyewash,eye,wash,4.454586996599787,4.962909548784549,1.8502202118381255,5.0010407991993535,4.3175148752500006,4.735517194
146,faceless,face,less,4.46977636401029,4.962909548784549,1.8570255703396181,4.999102526975169,4.3175148752500006,4.735517194
147,fallout,fall,out,4.5153444662418005,4.962909548784549,1.8774416458440963,4.993287710302613,4.3175148752500006,4.735517194
148,falsehood,false,hood,4.454586996599787,4.962909548784549,1.8502202118381255,5.0010407991993535,4.3175148752500006,4.735517194
149,fanfare,fan,fare,4.439397629189283,4.962909548784549,1.8434148533366328,5.002979071423539,4.3175148752500006,4.735517194
150,farewell,fare,well,4.500155098831297,4.962909548784549,1.8706362873426035,4.995225982526798,4.3175148752500006,4.735517194
151,fatherhood,father,hood,4.439397629189283,4.962909548784549,1.8434148533366328,5.002979071423539,4.3175148752500006,4.735517194
152,feedback,feed,back,4.484965731420793,4.962909548784549,1.8638309288411108,4.997164254750984,4.3175148752500006,4.735517194
153,fellowship,fellow,ship,4.500155098831297,4.962909548784549,1.8706362873426035,4.995225982526798,4.3175148752500006,4.735517194
154,ferryman,ferry,man,4.439397629189283,4.962909548784549,1.8434148533366328,5.002979071423539,4.3175148752500006,4.735517194
155,figurehead,figure,head,4.484965731420793,4.962909548784549,1.8638309288411108,4.997164254750984,4.3175148752500006,4.735517194
156,filmstrip,film,strip,4.484965731420793,4.962909548784549,1.8638309288411108,4.997164254750984,4.3175148752500006,4.735517194
157,fireball,fire,ball,4.454586996599787,4.962909548784549,1.8502202118381255,5.0010407991993535,4.3175148752500006,4.735517194
158,firefly,fire,fly,4.454586996599787,4.962909548784549,1.8502202118381255,5.0010407991993535,4.3175148752500006,4.735517194
159,firelight,fire,light,4.439397629189283,4.962909548784549,1.8434148533366328,5.002979071423539,4.3175148752500006,4.735517194
160,fireplace,fire,place,4.439397629189283,4.962909548784549,1.8434148533366328,5.002979071423539,4.3175148752500006,4.735517194
161,firepower,fire,power,4.439397629189283,4.962909548784549,1.8434148533366328,5.002979071423539,4.3175148752500006,4.735517194
162,fireproof,fire,proof,4.439397629189283,4.962909548784549,1.8434148533366328,5.002979071423539,4.3175148752500006,4.735517194
163,fireside,fire,side,4.454586996599787,4.962909548784549,1.8502202118381255,5.0010407991993535,4.3175148752500006,4.735517194
164,firewood,fire,wood,4.454586996599787,4.962909548784549,1.8502202118381255,5.0010407991993535,4.3175148752500006,4.735517194
165,firsthand,first,hand,4.46977636401029,4.962909548784549,1.8570255703396181,4.999102526975169,4.3175148752500006,4.735517194
166,flapjack,flap,jack,4.484965731420793,4.962909548784549,1.8638309288411108,4.997164254750984,4.3175148752500006,4.735517194
167,folktale,folk,tale,4.439397629189283,4.962909548784549,1.8434148533366328,5.002979071423539,4.3175148752500006,4.735517194
168,foolhardy,fool,hardy,4.5153444662418005,4.962909548784549,1.8774416458440963,4.993287710302613,4.3175148752500006,4.735517194
169,foolproof,fool,proof,4.439397629189283,4.962909548784549,1.8434148533366328,5.002979071423539,4.3175148752500006,4.735517194
170,foothill,foot,hill,4.439397629189283,4.962909548784549,1.8434148533366328,5.002979071423539,4.3175148752500006,4.735517194
171,foothold,foot,hold,4.439397629189283,4.962909548784549,1.8434148533366328,5.002979071423539,4.3175148752500006,4.735517194
172,footnote,foot,note,4.439397629189283,4.962909548784549,1.8434148533366328,5.002979071423539,4.3175148752500006,4.735517194
173,footpath,foot,path,4.454586996599787,4.962909548784549,1.8502202118381255,5.0010407991993535,4.3175148752500006,4.735517194
174,footprint,foot,print,4.439397629189283,4.962909548784549,1.8434148533366328,5.002979071423539,4.3175148752500006,4.735517194
175,footrace,foot,race,4.439397629189283,4.962909548784549,1.8434148533366328,5.002979071423539,4.3175148752500006,4.735517194
176,footstep,foot,step,4.439397629189283,4.962909548784549,1.8434148533366328,5.002979071423539,4.3175148752500006,4.735517194
177,footstool,foot,stool,4.439397629189283,4.962909548784549,1.8434148533366328,5.002979071423539,4.3175148752500006,4.735517194
178,footwear,foot,wear,4.439397629189283,4.962909548784549,1.8434148533366328,5.002979071423539,4.3175148752500006,4.735517194
179,footwork,foot,work,4.439397629189283,4.962909548784549,1.8434148533366328,5.002979071423539,4.3175148752500006,4.735517194
180,framework,frame,work,4.500155098831297,4.962909548784549,1.8706362873426035,4.995225982526798,4.3175148752500006,4.735517194
181,freshman,fresh,man,4.500155098831297,4.962909548784549,1.8706362873426035,4.995225982526798,4.3175148752500006,4.735517194
182,freshwater,fresh,water,4.439397629189283,4.962909548784549,1.8434148533366328,5.002979071423539,4.3175148752500006,4.735517194
183,friendship,friend,ship,4.484965731420793,4.962909548784549,1.8638309288411108,4.997164254750984,4.3175148752500006,4.735517194
184,frostbite,frost,bite,4.530533833652304,4.962909548784549,1.884247004345589,4.991349438078428,4.3175148752500006,4.735517194
185,fruitcake,fruit,cake,4.46977636401029,4.962909548784549,1.8570255703396181,4.999102526975169,4.3175148752500006,4.735517194
186,gangplank,gang,plank,4.454586996599787,4.962909548784549,1.8502202118381255,5.0010407991993535,4.3175148752500006,4.735517194
187,gangway,gang,way,4.439397629189283,4.962909548784549,1.8434148533366328,5.002979071423539,4.3175148752500006,4.735517194
188,gentleman,gentle,man,4.5761019358838135,4.962909548784549,1.904663079850067,4.985534621405873,4.3175148752500006,4.735517194
189,getaway,get,away,4.454586996599787,4.962909548784549,1.8502202118381255,5.0010407991993535,4.3175148752500006,4.735517194
190,getup,get,up,4.484965731420793,4.962909548784549,1.8638309288411108,4.997164254750984,4.3175148752500006,4.735517194
191,girlfriend,girl,friend,4.530533833652304,4.962909548784549,1.884247004345589,4.991349438078428,4.3175148752500006,4.735517194
192,goalpost,goal,post,4.5153444662418005,4.962909548784549,1.8774416458440963,4.993287710302613,4.3175148752500006,4.735517194
193,goatherd,goat,herd,4.530533833652304,4.962909548784549,1.884247004345589,4.991349438078428,4.3175148752500006,4.735517194
194,grapefruit,grape,fruit,4.712806242578345,4.962909548784549,1.9659113063635012,4.968090171388206,4.3175148752500006,4.735517194
195,grapevine,grape,vine,4.803942447041365,4.962909548784549,2.0067434573724574,4.956460538043095,4.3175148752500006,4.735517194
196,greasepaint,grease,paint,4.636859405525827,4.962909548784549,1.9318845138560377,4.977781532509132,4.3175148752500006,4.735517194
197,guardrail,guard,rail,4.454586996599787,4.962909548784549,1.8502202118381255,5.0010407991993535,4.3175148752500006,4.735517194
198,guidebook,guide,book,4.56091256847331,4.962909548784549,1.8978577213485743,4.987472893630057,4.3175148752500006,4.735517194
199,hailstone,hail,stone,4.500155098831297,4.962909548784549,1.8706362873426035,4.995225982526798,4.3175148752500006,4.735517194
200,hailstorm,hail,storm,4.530533833652304,4.962909548784549,1.884247004345589,4.991349438078428,4.3175148752500006,4.735517194
201,hallmark,hall,mark,4.46977636401029,4.962909548784549,1.8570255703396181,4.999102526975169,4.3175148752500006,4.735517194
202,hallway,hall,way,4.484965731420793,4.962909548784549,1.8638309288411108,4.997164254750984,4.3175148752500006,4.735517194
203,hamburger,ham,burger,4.439397629189283,4.962909548784549,1.8434148533366328,5.002979071423539,4.3175148752500006,4.735517194
204,hamstring,ham,string,4.484965731420793,4.962909548784549,1.8638309288411108,4.997164254750984,4.3175148752500006,4.735517194
205,handbag,hand,bag,4.46977636401029,4.962909548784549,1.8570255703396181,4.999102526975169,4.3175148752500006,4.735517194
206,handbook,hand,book,4.439397629189283,4.962909548784549,1.8434148533366328,5.002979071423539,4.3175148752500006,4.735517194
207,handbrake,hand,brake,4.439397629189283,4.962909548784549,1.8434148533366328,5.002979071423539,4.3175148752500006,4.735517194
208,handcart,hand,cart,4.439397629189283,4.962909548784549,1.8434148533366328,5.002979071423539,4.3175148752500006,4.735517194
209,handcuff,hand,cuff,4.454586996599787,4.962909548784549,1.8502202118381255,5.0010407991993535,4.3175148752500006,4.735517194
210,handgun,hand,gun,4.454586996599787,4.962909548784549,1.8502202118381255,5.0010407991993535,4.3175148752500006,4.735517194
211,handlebar,handle,bar,4.5153444662418005,4.962909548784549,1.8774416458440963,4.993287710302613,4.3175148752500006,4.735517194
212,handmade,hand,made,4.46977636401029,4.962909548784549,1.8570255703396181,4.999102526975169,4.3175148752500006,4.735517194
213,handmaiden,hand,maiden,4.439397629189283,4.962909548784549,1.8434148533366328,5.002979071423539,4.3175148752500006,4.735517194
214,handout,hand,out,4.454586996599787,4.962909548784549,1.8502202118381255,5.0010407991993535,4.3175148752500006,4.735517194
215,handrail,hand,rail,4.439397629189283,4.962909548784549,1.8434148533366328,5.002979071423539,4.3175148752500006,4.735517194
216,handsaw,hand,saw,4.439397629189283,4.962909548784549,1.8434148533366328,5.002979071423539,4.3175148752500006,4.735517194
217,handshake,hand,shake,4.545723201062807,4.962909548784549,1.8910523628470817,4.989411165854243,4.3175148752500006,4.735517194
218,handstand,hand,stand,4.439397629189283,4.962909548784549,1.8434148533366328,5.002979071423539,4.3175148752500006,4.735517194
219,hatpin,hat,pin,4.46977636401029,4.962909548784549,1.8570255703396181,4.999102526975169,4.3175148752500006,4.735517194
220,headache,head,ache,4.500155098831297,4.962909548784549,1.8706362873426035,4.995225982526798,4.3175148752500006,4.735517194
221,headband,head,band,4.439397629189283,4.962909548784549,1.8434148533366328,5.002979071423539,4.3175148752500006,4.735517194
222,headboard,head,board,4.454586996599787,4.962909548784549,1.8502202118381255,5.0010407991993535,4.3175148752500006,4.735517194
223,headdress,head,dress,4.439397629189283,4.962909548784549,1.8434148533366328,5.002979071423539,4.3175148752500006,4.735517194
224,headfirst,head,first,4.454586996599787,4.962909548784549,1.8502202118381255,5.0010407991993535,4.3175148752500006,4.735517194
225,headgear,head,gear,4.439397629189283,4.962909548784549,1.8434148533366328,5.002979071423539,4.3175148752500006,4.735517194
226,headless,head,less,4.439397629189283,4.962909548784549,1.8434148533366328,5.002979071423539,4.3175148752500006,4.735517194
227,headlight,head,light,4.454586996599787,4.962909548784549,1.8502202118381255,5.0010407991993535,4.3175148752500006,4.735517194
228,headline,head,line,4.439397629189283,4.962909548784549,1.8434148533366328,5.002979071423539,4.3175148752500006,4.735517194
229,headlong,head,long,4.454586996599787,4.962909548784549,1.8502202118381255,5.0010407991993535,4.3175148752500006,4.735517194
230,headmaster,head,master,4.545723201062807,4.962909548784549,1.8910523628470817,4.989411165854243,4.3175148752500006,4.735517194
231,headmistress,head,mistress,4.439397629189283,4.962909548784549,1.8434148533366328,5.002979071423539,4.3175148752500006,4.735517194
232,headpiece,head,piece,4.439397629189283,4.962909548784549,1.8434148533366328,5.002979071423539,4.3175148752500006,4.735517194
233,headrest,head,rest,4.454586996599787,4.962909548784549,1.8502202118381255,5.0010407991993535,4.3175148752500006,4.735517194
234,headset,head,set,4.439397629189283,4.962909548784549,1.8434148533366328,5.002979071423539,4.3175148752500006,4.735517194
235,headstone,head,stone,4.454586996599787,4.962909548784549,1.8502202118381255,5.0010407991993535,4.3175148752500006,4.735517194
236,headstrong,head,strong,4.439397629189283,4.962909548784549,1.8434148533366328,5.002979071423539,4.3175148752500006,4.735517194
237,headway,head,way,4.439397629189283,4.962909548784549,1.8434148533366328,5.002979071423539,4.3175148752500006,4.735517194
238,heatstroke,heat,stroke,4.484965731420793,4.962909548784549,1.8638309288411108,4.997164254750984,4.3175148752500006,4.735517194
239,hedgehog,hedge,hog,4.591291303294318,4.962909548784549,1.9114684383515597,4.9835963491816875,4.3175148752500006,4.735517194
240,hellfire,hell,fire,4.849510549272875,4.962909548784549,2.0271595328769356,4.95064572137054,4.3175148752500006,4.735517194
241,henceforth,hence,forth,4.621670038115324,4.962909548784549,1.925079155354545,4.979719804733317,4.3175148752500006,4.735517194
242,hideaway,hide,away,4.545723201062807,4.962909548784549,1.8910523628470817,4.989411165854243,4.3175148752500006,4.735517194
243,hideout,hide,out,4.454586996599787,4.962909548784549,1.8502202118381255,5.0010407991993535,4.3175148752500006,4.735517194
244,hitchhike,hitch,hike,5.092540427840929,4.962909548784549,2.1360452689008183,4.919633365783577,4.3175148752500006,4.735517194
245,hitherto,hither,to,4.484965731420793,4.962909548784549,1.8638309288411108,4.997164254750984,4.3175148752500006,4.735517194
246,hogwash,hog,wash,4.500155098831297,4.962909548784549,1.8706362873426035,4.995225982526798,4.3175148752500006,4.735517194
247,hoodwink,hood,wink,4.530533833652304,4.962909548784549,1.884247004345589,4.991349438078428,4.3175148752500006,4.735517194
248,hookup,hook,up,4.439397629189283,4.962909548784549,1.8434148533366328,5.002979071423539,4.3175148752500006,4.735517194
249,hookworm,hook,worm,4.439397629189283,4.962909548784549,1.8434148533366328,5.002979071423539,4.3175148752500006,4.735517194
250,hopscotch,hop,scotch,4.5761019358838135,4.962909548784549,1.904663079850067,4.985534621405873,4.3175148752500006,4.735517194
251,hourglass,hour,glass,4.591291303294318,4.962909548784549,1.9114684383515597,4.9835963491816875,4.3175148752500006,4.735517194
252,humankind,human,kind,4.439397629189283,4.962909548784549,1.8434148533366328,5.002979071423539,4.3175148752500006,4.735517194
253,humbug,hum,bug,4.454586996599787,4.962909548784549,1.8502202118381255,5.0010407991993535,4.3175148752500006,4.735517194
254,humdrum,hum,drum,4.46977636401029,4.962909548784549,1.8570255703396181,4.999102526975169,4.3175148752500006,4.735517194
255,hundredfold,hundred,fold,4.439397629189283,4.962909548784549,1.8434148533366328,5.002979071423539,4.3175148752500006,4.735517194
256,jailbreak,jail,break,4.46977636401029,4.962909548784549,1.8570255703396181,4.999102526975169,4.3175148752500006,4.735517194
257,jawbone,jaw,bone,5.0317829581989155,4.962909548784549,2.1088238348948476,4.927386454680318,4.3175148752500006,4.735517194
258,jellyfish,jelly,fish,4.56091256847331,4.962909548784549,1.8978577213485743,4.987472893630057,4.3175148752500006,4.735517194
259,joyride,joy,ride,4.5153444662418005,4.962909548784549,1.8774416458440963,4.993287710302613,4.3175148752500006,4.735517194
260,joystick,joy,stick,4.439397629189283,4.962909548784549,1.8434148533366328,5.002979071423539,4.3175148752500006,4.735517194
261,keepsake,keep,sake,4.46977636401029,4.962909548784549,1.8570255703396181,4.999102526975169,4.3175148752500006,4.735517194
262,killjoy,kill,joy,4.484965731420793,4.962909548784549,1.8638309288411108,4.997164254750984,4.3175148752500006,4.735517194
263,kinship,kin,ship,4.46977636401029,4.962909548784549,1.8570255703396181,4.999102526975169,4.3175148752500006,4.735517194
264,kneecap,knee,cap,4.667238140346834,4.962909548784549,1.9454952308590232,4.973904988060761,4.3175148752500006,4.735517194
265,knighthood,knight,hood,4.454586996599787,4.962909548784549,1.8502202118381255,5.0010407991993535,4.3175148752500006,4.735517194
266,knockout,knock,out,4.5153444662418005,4.962909548784549,1.8774416458440963,4.993287710302613,4.3175148752500006,4.735517194
267,knothole,knot,hole,4.439397629189283,4.962909548784549,1.8434148533366328,5.002979071423539,4.3175148752500006,4.735517194
268,lamplight,lamp,light,5.168487264893447,4.962909548784549,2.170072061408282,4.909942004662652,4.3175148752500006,4.735517194
269,lamppost,lamp,post,4.500155098831297,4.962909548784549,1.8706362873426035,4.995225982526798,4.3175148752500006,4.735517194
270,lampshade,lamp,shade,4.606480670704821,4.962909548784549,1.9182737968530523,4.981658076957502,4.3175148752500006,4.735517194
271,leapfrog,leap,frog,4.727995609988848,4.962909548784549,1.9727166648649939,4.9661518991640206,4.3175148752500006,4.735517194
272,lengthwise,length,wise,4.454586996599787,4.962909548784549,1.8502202118381255,5.0010407991993535,4.3175148752500006,4.735517194
273,letdown,let,down,4.484965731420793,4.962909548784549,1.8638309288411108,4.997164254750984,4.3175148752500006,4.735517194
274,lineman,line,man,4.439397629189283,4.962909548784549,1.8434148533366328,5.002979071423539,4.3175148752500006,4.735517194
275,lineup,line,up,4.56091256847331,4.962909548784549,1.8978577213485743,4.987472893630057,4.3175148752500006,4.735517194
276,lipstick,lip,stick,4.545723201062807,4.962909548784549,1.8910523628470817,4.989411165854243,4.3175148752500006,4.735517194
277,livestock,live,stock,4.439397629189283,4.962909548784549,1.8434148533366328,5.002979071423539,4.3175148752500006,4.735517194
278,loathsome,loath,some,4.46977636401029,4.962909548784549,1.8570255703396181,4.999102526975169,4.3175148752500006,4.735517194
279,logbook,log,book,4.5761019358838135,4.962909548784549,1.904663079850067,4.985534621405873,4.3175148752500006,4.735517194
280,lonesome,lone,some,4.500155098831297,4.962909548784549,1.8706362873426035,4.995225982526798,4.3175148752500006,4.735517194
281,lookout,look,out,4.5761019358838135,4.962909548784549,1.904663079850067,4.985534621405873,4.3175148752500006,4.735517194
282,loophole,loop,hole,4.591291303294318,4.962909548784549,1.9114684383515597,4.9835963491816875,4.3175148752500006,4.735517194
283,lordship,lord,ship,4.439397629189283,4.962909548784549,1.8434148533366328,5.002979071423539,4.3175148752500006,4.735517194
284,lunchroom,lunch,room,4.454586996599787,4.962909548784549,1.8502202118381255,5.0010407991993535,4.3175148752500006,4.735517194
285,lunchtime,lunch,time,4.652048772936331,4.962909548784549,1.9386898723575303,4.975843260284947,4.3175148752500006,4.735517194
286,maidservant,maid,servant,4.5761019358838135,4.962909548784549,1.904663079850067,4.985534621405873,4.3175148752500006,4.735517194
287,makeup,make,up,4.5761019358838135,4.962909548784549,1.904663079850067,4.985534621405873,4.3175148752500006,4.735517194
288,marketplace,market,place,4.743184977399351,4.962909548784549,1.9795220233664865,4.964213626939836,4.3175148752500006,4.735517194
289,markup,mark,up,4.484965731420793,4.962909548784549,1.8638309288411108,4.997164254750984,4.3175148752500006,4.735517194
290,masthead,mast,head,4.484965731420793,4.962909548784549,1.8638309288411108,4.997164254750984,4.3175148752500006,4.735517194
291,mealtime,meal,time,4.545723201062807,4.962909548784549,1.8910523628470817,4.989411165854243,4.3175148752500006,4.735517194
292,meantime,mean,time,4.454586996599787,4.962909548784549,1.8502202118381255,5.0010407991993535,4.3175148752500006,4.735517194
293,meanwhile,mean,while,4.439397629189283,4.962909548784549,1.8434148533366328,5.002979071423539,4.3175148752500006,4.735517194
294,meatball,meat,ball,4.46977636401029,4.962909548784549,1.8570255703396181,4.999102526975169,4.3175148752500006,4.735517194
295,milestone,mile,stone,4.636859405525827,4.962909548784549,1.9318845138560377,4.977781532509132,4.3175148752500006,4.735517194
296,molehill,mole,hill,4.621670038115324,4.962909548784549,1.925079155354545,4.979719804733317,4.3175148752500006,4.735517194
297,moleskin,mole,skin,4.454586996599787,4.962909548784549,1.8502202118381255,5.0010407991993535,4.3175148752500006,4.735517194
298,motherhood,mother,hood,4.439397629189283,4.962909548784549,1.8434148533366328,5.002979071423539,4.3175148752500006,4.735517194
299,motherland,mother,land,4.439397629189283,4.962909548784549,1.8434148533366328,5.002979071423539,4.3175148752500006,4.735517194
300,namesake,name,sake,4.46977636401029,4.962909548784549,1.8570255703396181,4.999102526975169,4.3175148752500006,4.735517194
301,nationwide,nation,wide,4.56091256847331,4.962909548784549,1.8978577213485743,4.987472893630057,4.3175148752500006,4.735517194
302,network,net,work,4.454586996599787,4.962909548784549,1.8502202118381255,5.0010407991993535,4.3175148752500006,4.735517194
303,nickname,nick,name,4.454586996599787,4.962909548784549,1.8502202118381255,5.0010407991993535,4.3175148752500006,4.735517194
304,nobody,no,body,4.454586996599787,4.962909548784549,1.8502202118381255,5.0010407991993535,4.3175148752500006,4.735517194
305,noontime,noon,time,4.484965731420793,4.962909548784549,1.8638309288411108,4.997164254750984,4.3175148752500006,4.735517194
306,nowhere,no,where,4.439397629189283,4.962909548784549,1.8434148533366328,5.002979071423539,4.3175148752500006,4.735517194
307,nursemaid,nurse,maid,4.5153444662418005,4.962909548784549,1.8774416458440963,4.993287710302613,4.3175148752500006,4.735517194
308,oneself,one,self,4.439397629189283,4.962909548784549,1.8434148533366328,5.002979071423539,4.3175148752500006,4.735517194
309,onetime,one,time,4.484965731420793,4.962909548784549,1.8638309288411108,4.997164254750984,4.3175148752500006,4.735517194
310,otherwise,other,wise,4.530533833652304,4.962909548784549,1.884247004345589,4.991349438078428,4.3175148752500006,4.735517194
311,outback,out,back,4.439397629189283,4.962909548784549,1.8434148533366328,5.002979071423539,4.3175148752500006,4.735517194
312,outbid,out,bid,4.439397629189283,4.962909548784549,1.8434148533366328,5.002979071423539,4.3175148752500006,4.735517194
313,outbreak,out,break,4.439397629189283,4.962909548784549,1.8434148533366328,5.002979071423539,4.3175148752500006,4.735517194
314,outburst,out,burst,4.439397629189283,4.962909548784549,1.8434148533366328,5.002979071423539,4.3175148752500006,4.735517194
315,outcast,out,cast,4.439397629189283,4.962909548784549,1.8434148533366328,5.002979071423539,4.3175148752500006,4.735517194
316,outcome,out,come,4.439397629189283,4.962909548784549,1.8434148533366328,5.002979071423539,4.3175148752500006,4.735517194
317,outcry,out,cry,4.439397629189283,4.962909548784549,1.8434148533366328,5.002979071423539,4.3175148752500006,4.735517194
318,outdo,out,do,4.454586996599787,4.962909548784549,1.8502202118381255,5.0010407991993535,4.3175148752500006,4.735517194
319,outfield,out,field,4.439397629189283,4.962909548784549,1.8434148533366328,5.002979071423539,4.3175148752500006,4.735517194
320,outfit,out,fit,4.439397629189283,4.962909548784549,1.8434148533366328,5.002979071423539,4.3175148752500006,4.735517194
321,outgrow,out,grow,4.439397629189283,4.962909548784549,1.8434148533366328,5.002979071423539,4.3175148752500006,4.735517194
322,outlast,out,last,4.439397629189283,4.962909548784549,1.8434148533366328,5.002979071423539,4.3175148752500006,4.735517194
323,outlaw,out,law,4.439397629189283,4.962909548784549,1.8434148533366328,5.002979071423539,4.3175148752500006,4.735517194
324,outlet,out,let,4.439397629189283,4.962909548784549,1.8434148533366328,5.002979071423539,4.3175148752500006,4.735517194
325,outline,out,line,4.439397629189283,4.962909548784549,1.8434148533366328,5.002979071423539,4.3175148752500006,4.735517194
326,outlive,out,live,4.439397629189283,4.962909548784549,1.8434148533366328,5.002979071423539,4.3175148752500006,4.735517194
327,outlook,out,look,4.439397629189283,4.962909548784549,1.8434148533366328,5.002979071423539,4.3175148752500006,4.735517194
328,outnumber,out,number,4.439397629189283,4.962909548784549,1.8434148533366328,5.002979071423539,4.3175148752500006,4.735517194
329,outpatient,out,patient,4.439397629189283,4.962909548784549,1.8434148533366328,5.002979071423539,4.3175148752500006,4.735517194
330,outpost,out,post,4.439397629189283,4.962909548784549,1.8434148533366328,5.002979071423539,4.3175148752500006,4.735517194
331,output,out,put,4.46977636401029,4.962909548784549,1.8570255703396181,4.999102526975169,4.3175148752500006,4.735517194
332,outrage,out,rage,4.439397629189283,4.962909548784549,1.8434148533366328,5.002979071423539,4.3175148752500006,4.735517194
333,outreach,out,reach,4.439397629189283,4.962909548784549,1.8434148533366328,5.002979071423539,4.3175148752500006,4.735517194
334,outright,out,right,4.439397629189283,4.962909548784549,1.8434148533366328,5.002979071423539,4.3175148752500006,4.735517194
335,outrun,out,run,4.439397629189283,4.962909548784549,1.8434148533366328,5.002979071423539,4.3175148752500006,4.735517194
336,outsell,out,sell,4.439397629189283,4.962909548784549,1.8434148533366328,5.002979071423539,4.3175148752500006,4.735517194
337,outset,out,set,4.439397629189283,4.962909548784549,1.8434148533366328,5.002979071423539,4.3175148752500006,4.735517194
338,outshine,out,shine,4.439397629189283,4.962909548784549,1.8434148533366328,5.002979071423539,4.3175148752500006,4.735517194
339,outside,out,side,4.5761019358838135,4.962909548784549,1.904663079850067,4.985534621405873,4.3175148752500006,4.735517194
340,outsmart,out,smart,4.439397629189283,4.962909548784549,1.8434148533366328,5.002979071423539,4.3175148752500006,4.735517194
341,outweigh,out,weigh,4.439397629189283,4.962909548784549,1.8434148533366328,5.002979071423539,4.3175148752500006,4.735517194
342,outwit,out,wit,4.439397629189283,4.962909548784549,1.8434148533366328,5.002979071423539,4.3175148752500006,4.735517194
343,oxcart,ox,cart,4.5153444662418005,4.962909548784549,1.8774416458440963,4.993287710302613,4.3175148752500006,4.735517194
344,padlock,pad,lock,4.439397629189283,4.962909548784549,1.8434148533366328,5.002979071423539,4.3175148752500006,4.735517194
345,paintbox,paint,box,4.454586996599787,4.962909548784549,1.8502202118381255,5.0010407991993535,4.3175148752500006,4.735517194
346,paintbrush,paint,brush,4.788753079630862,4.962909548784549,1.9999380988709645,4.958398810267281,4.3175148752500006,4.735517194
347,parenthood,parent,hood,4.454586996599787,4.962909548784549,1.8502202118381255,5.0010407991993535,4.3175148752500006,4.735517194
348,patchwork,patch,work,4.56091256847331,4.962909548784549,1.8978577213485743,4.987472893630057,4.3175148752500006,4.735517194
349,pathway,path,way,4.879889284093882,4.962909548784549,2.040770249879921,4.946769176922169,4.3175148752500006,4.735517194
350,peacetime,peace,time,4.439397629189283,4.962909548784549,1.8434148533366328,5.002979071423539,4.3175148752500006,4.735517194
351,peppermint,pepper,mint,4.439397629189283,4.962909548784549,1.8434148533366328,5.002979071423539,4.3175148752500006,4.735517194
352,piecemeal,piece,meal,4.56091256847331,4.962909548784549,1.8978577213485743,4.987472893630057,4.3175148752500006,4.735517194
353,pigeonhole,pigeon,hole,4.849510549272875,4.962909548784549,2.0271595328769356,4.95064572137054,4.3175148752500006,4.735517194
354,pillbox,pill,box,4.500155098831297,4.962909548784549,1.8706362873426035,4.995225982526798,4.3175148752500006,4.735517194
355,pillowcase,pillow,case,4.636859405525827,4.962909548784549,1.9318845138560377,4.977781532509132,4.3175148752500006,4.735517194
356,pipeline,pipe,line,4.500155098831297,4.962909548784549,1.8706362873426035,4.995225982526798,4.3175148752500006,4.735517194
357,pitchfork,pitch,fork,4.500155098831297,4.962909548784549,1.8706362873426035,4.995225982526798,4.3175148752500006,4.735517194
358,pitfall,pit,fall,4.56091256847331,4.962909548784549,1.8978577213485743,4.987472893630057,4.3175148752500006,4.735517194
359,plywood,ply,wood,5.32038093899848,4.962909548784549,2.238125646423209,4.8905592824208,4.3175148752500006,4.735517194
360,pocketbook,pocket,book,4.545723201062807,4.962909548784549,1.8910523628470817,4.989411165854243,4.3175148752500006,4.735517194
361,pocketknife,pocket,knife,4.545723201062807,4.962909548784549,1.8910523628470817,4.989411165854243,4.3175148752500006,4.735517194
362,policeman,police,man,4.591291303294318,4.962909548784549,1.9114684383515597,4.9835963491816875,4.3175148752500006,4.735517194
363,ponytail,pony,tail,4.636859405525827,4.962909548784549,1.9318845138560377,4.977781532509132,4.3175148752500006,4.735517194
364,popcorn,pop,corn,4.484965731420793,4.962909548784549,1.8638309288411108,4.997164254750984,4.3175148752500006,4.735517194
365,popgun,pop,gun,4.439397629189283,4.962909548784549,1.8434148533366328,5.002979071423539,4.3175148752500006,4.735517194
366,priesthood,priest,hood,4.46977636401029,4.962909548784549,1.8570255703396181,4.999102526975169,4.3175148752500006,4.735517194
367,printout,print,out,4.46977636401029,4.962909548784549,1.8570255703396181,4.999102526975169,4.3175148752500006,4.735517194
368,prizefight,prize,fight,4.454586996599787,4.962909548784549,1.8502202118381255,5.0010407991993535,4.3175148752500006,4.735517194
369,puffball,puff,ball,4.439397629189283,4.962909548784549,1.8434148533366328,5.002979071423539,4.3175148752500006,4.735517194
370,purebred,pure,bred,4.439397629189283,4.962909548784549,1.8434148533366328,5.002979071423539,4.3175148752500006,4.735517194
371,quarterback,quarter,back,4.454586996599787,4.962909548784549,1.8502202118381255,5.0010407991993535,4.3175148752500006,4.735517194
372,railroad,rail,road,4.667238140346834,4.962909548784549,1.9454952308590232,4.973904988060761,4.3175148752500006,4.735517194
373,railway,rail,way,4.849510549272875,4.962909548784549,2.0271595328769356,4.95064572137054,4.3175148752500006,4.735517194
374,ransack,ran,sack,4.439397629189283,4.962909548784549,1.8434148533366328,5.002979071423539,4.3175148752500006,4.735517194
375,rattail,rat,tail,4.500155098831297,4.962909548784549,1.8706362873426035,4.995225982526798,4.3175148752500006,4.735517194
376,rattlesnake,rattle,snake,4.803942447041365,4.962909548784549,2.0067434573724574,4.956460538043095,4.3175148752500006,4.735517194
377,rawhide,raw,hide,4.484965731420793,4.962909548784549,1.8638309288411108,4.997164254750984,4.3175148752500006,4.735517194
378,razorback,razor,back,4.439397629189283,4.962909548784549,1.8434148533366328,5.002979071423539,4.3175148752500006,4.735517194
379,rooftop,roof,top,4.727995609988848,4.962909548784549,1.9727166648649939,4.9661518991640206,4.3175148752500006,4.735517194
380,roommate,room,mate,4.454586996599787,4.962909548784549,1.8502202118381255,5.0010407991993535,4.3175148752500006,4.735517194
381,rubdown,rub,down,4.46977636401029,4.962909548784549,1.8570255703396181,4.999102526975169,4.3175148752500006,4.735517194
382,saddlebag,saddle,bag,4.454586996599787,4.962909548784549,1.8502202118381255,5.0010407991993535,4.3175148752500006,4.735517194
383,saucepan,sauce,pan,4.46977636401029,4.962909548784549,1.8570255703396181,4.999102526975169,4.3175148752500006,4.735517194
384,scarecrow,scare,crow,4.56091256847331,4.962909548784549,1.8978577213485743,4.987472893630057,4.3175148752500006,4.735517194
385,scoutmaster,scout,master,4.5153444662418005,4.962909548784549,1.8774416458440963,4.993287710302613,4.3175148752500006,4.735517194
386,scrapbook,scrap,book,4.500155098831297,4.962909548784549,1.8706362873426035,4.995225982526798,4.3175148752500006,4.735517194
387,screenplay,screen,play,4.454586996599787,4.962909548784549,1.8502202118381255,5.0010407991993535,4.3175148752500006,4.735517194
388,seaboard,sea,board,4.439397629189283,4.962909548784549,1.8434148533366328,5.002979071423539,4.3175148752500006,4.735517194
389,seacoast,sea,coast,4.454586996599787,4.962909548784549,1.8502202118381255,5.0010407991993535,4.3175148752500006,4.735517194
390,seafood,sea,food,4.454586996599787,4.962909548784549,1.8502202118381255,5.0010407991993535,4.3175148752500006,4.735517194
391,seafront,sea,front,4.454586996599787,4.962909548784549,1.8502202118381255,5.0010407991993535,4.3175148752500006,4.735517194
392,sealskin,seal,skin,4.46977636401029,4.962909548784549,1.8570255703396181,4.999102526975169,4.3175148752500006,4.735517194
393,seaman,sea,man,4.439397629189283,4.962909548784549,1.8434148533366328,5.002979071423539,4.3175148752500006,4.735517194
394,seaplane,sea,plane,4.439397629189283,4.962909548784549,1.8434148533366328,5.002979071423539,4.3175148752500006,4.735517194
395,seaport,sea,port,4.46977636401029,4.962909548784549,1.8570255703396181,4.999102526975169,4.3175148752500006,4.735517194
396,seashore,sea,shore,4.545723201062807,4.962909548784549,1.8910523628470817,4.989411165854243,4.3175148752500006,4.735517194
397,seasick,sea,sick,4.439397629189283,4.962909548784549,1.8434148533366328,5.002979071423539,4.3175148752500006,4.735517194
398,seaside,sea,side,4.545723201062807,4.962909548784549,1.8910523628470817,4.989411165854243,4.3175148752500006,4.735517194
399,seawater,sea,water,4.500155098831297,4.962909548784549,1.8706362873426035,4.995225982526798,4.3175148752500006,4.735517194
400,seaweed,sea,weed,4.454586996599787,4.962909548784549,1.8502202118381255,5.0010407991993535,4.3175148752500006,4.735517194
401,seesaw,see,saw,4.530533833652304,4.962909548784549,1.884247004345589,4.991349438078428,4.3175148752500006,4.735517194
402,setback,set,back,4.439397629189283,4.962909548784549,1.8434148533366328,5.002979071423539,4.3175148752500006,4.735517194
403,setup,set,up,4.5153444662418005,4.962909548784549,1.8774416458440963,4.993287710302613,4.3175148752500006,4.735517194
404,shamrock,sham,rock,4.454586996599787,4.962909548784549,1.8502202118381255,5.0010407991993535,4.3175148752500006,4.735517194
405,sharkskin,shark,skin,4.454586996599787,4.962909548784549,1.8502202118381255,5.0010407991993535,4.3175148752500006,4.735517194
406,shatterproof,shatter,proof,4.439397629189283,4.962909548784549,1.8434148533366328,5.002979071423539,4.3175148752500006,4.735517194
407,shellfish,shell,fish,4.621670038115324,4.962909548784549,1.925079155354545,4.979719804733317,4.3175148752500006,4.735517194
408,shinbone,shin,bone,4.819131814451868,4.962909548784549,2.01354881587395,4.95452226581891,4.3175148752500006,4.735517194
409,shindig,shin,dig,4.484965731420793,4.962909548784549,1.8638309288411108,4.997164254750984,4.3175148752500006,4.735517194
410,shotgun,shot,gun,4.925457386325392,4.962909548784549,2.0611863253843987,4.940954360249614,4.3175148752500006,4.735517194
411,shutdown,shut,down,4.454586996599787,4.962909548784549,1.8502202118381255,5.0010407991993535,4.3175148752500006,4.735517194
412,sickbay,sick,bay,4.46977636401029,4.962909548784549,1.8570255703396181,4.999102526975169,4.3175148752500006,4.735517194
413,sickbed,sick,bed,4.500155098831297,4.962909548784549,1.8706362873426035,4.995225982526798,4.3175148752500006,4.735517194
414,sickroom,sick,room,4.439397629189283,4.962909548784549,1.8434148533366328,5.002979071423539,4.3175148752500006,4.735517194
415,sightsee,sight,see,4.56091256847331,4.962909548784549,1.8978577213485743,4.987472893630057,4.3175148752500006,4.735517194
416,signpost,sign,post,4.621670038115324,4.962909548784549,1.925079155354545,4.979719804733317,4.3175148752500006,4.735517194
417,silkworm,silk,worm,4.5153444662418005,4.962909548784549,1.8774416458440963,4.993287710302613,4.3175148752500006,4.735517194
418,singsong,sing,song,5.335570306408984,4.962909548784549,2.2449310049247013,4.888621010196615,4.3175148752500006,4.735517194
419,sisterhood,sister,hood,4.439397629189283,4.962909548784549,1.8434148533366328,5.002979071423539,4.3175148752500006,4.735517194
420,skateboard,skate,board,4.439397629189283,4.962909548784549,1.8434148533366328,5.002979071423539,4.3175148752500006,4.735517194
421,sketchbook,sketch,book,4.484965731420793,4.962909548784549,1.8638309288411108,4.997164254750984,4.3175148752500006,4.735517194
422,skinhead,skin,head,4.439397629189283,4.962909548784549,1.8434148533366328,5.002979071423539,4.3175148752500006,4.735517194
423,skullcap,skull,cap,4.484965731420793,4.962909548784549,1.8638309288411108,4.997164254750984,4.3175148752500006,4.735517194
424,sleepwalk,sleep,walk,4.46977636401029,4.962909548784549,1.8570255703396181,4.999102526975169,4.3175148752500006,4.735517194
425,slingshot,sling,shot,4.5761019358838135,4.962909548784549,1.904663079850067,4.985534621405873,4.3175148752500006,4.735517194
426,slowpoke,slow,poke,4.439397629189283,4.962909548784549,1.8434148533366328,5.002979071423539,4.3175148752500006,4.735517194
427,snakebite,snake,bite,4.591291303294318,4.962909548784549,1.9114684383515597,4.9835963491816875,4.3175148752500006,4.735517194
428,snapdragon,snap,dragon,4.621670038115324,4.962909548784549,1.925079155354545,4.979719804733317,4.3175148752500006,4.735517194
429,snapshot,snap,shot,4.484965731420793,4.962909548784549,1.8638309288411108,4.997164254750984,4.3175148752500006,4.735517194
430,soapbox,soap,box,4.46977636401029,4.962909548784549,1.8570255703396181,4.999102526975169,4.3175148752500006,4.735517194
431,songbird,song,bird,4.5153444662418005,4.962909548784549,1.8774416458440963,4.993287710302613,4.3175148752500006,4.735517194
432,songbook,song,book,4.439397629189283,4.962909548784549,1.8434148533366328,5.002979071423539,4.3175148752500006,4.735517194
433,soundproof,sound,proof,4.439397629189283,4.962909548784549,1.8434148533366328,5.002979071423539,4.3175148752500006,4.735517194
434,soundtrack,sound,track,4.454586996599787,4.962909548784549,1.8502202118381255,5.0010407991993535,4.3175148752500006,4.735517194
435,sourdough,sour,dough,4.439397629189283,4.962909548784549,1.8434148533366328,5.002979071423539,4.3175148752500006,4.735517194
436,speedboat,speed,boat,4.454586996599787,4.962909548784549,1.8502202118381255,5.0010407991993535,4.3175148752500006,4.735517194
437,spellbound,spell,bound,4.5761019358838135,4.962909548784549,1.904663079850067,4.985534621405873,4.3175148752500006,4.735517194
438,spendthrift,spend,thrift,4.5761019358838135,4.962909548784549,1.904663079850067,4.985534621405873,4.3175148752500006,4.735517194
439,spotlight,spot,light,4.454586996599787,4.962909548784549,1.8502202118381255,5.0010407991993535,4.3175148752500006,4.735517194
440,spyglass,spy,glass,4.46977636401029,4.962909548784549,1.8570255703396181,4.999102526975169,4.3175148752500006,4.735517194
441,stagecoach,stage,coach,4.545723201062807,4.962909548784549,1.8910523628470817,4.989411165854243,4.3175148752500006,4.735517194
442,staircase,stair,case,5.092540427840929,4.962909548784549,2.1360452689008183,4.919633365783577,4.3175148752500006,4.735517194
443,stairway,stair,way,4.545723201062807,4.962909548784549,1.8910523628470817,4.989411165854243,4.3175148752500006,4.735517194
444,stairwell,stair,well,4.439397629189283,4.962909548784549,1.8434148533366328,5.002979071423539,4.3175148752500006,4.735517194
445,stalemate,stale,mate,4.454586996599787,4.962909548784549,1.8502202118381255,5.0010407991993535,4.3175148752500006,4.735517194
446,stateside,state,side,4.439397629189283,4.962909548784549,1.8434148533366328,5.002979071423539,4.3175148752500006,4.735517194
447,stationmaster,station,master,4.5761019358838135,4.962909548784549,1.904663079850067,4.985534621405873,4.3175148752500006,4.735517194
448,steadfast,stead,fast,4.621670038115324,4.962909548784549,1.925079155354545,4.979719804733317,4.3175148752500006,4.735517194
449,stingray,sting,ray,4.484965731420793,4.962909548784549,1.8638309288411108,4.997164254750984,4.3175148752500006,4.735517194
450,stomachache,stomach,ache,4.910268018914889,4.962909548784549,2.0543809668829063,4.942892632473799,4.3175148752500006,4.735517194
451,stovepipe,stove,pipe,4.621670038115324,4.962909548784549,1.925079155354545,4.979719804733317,4.3175148752500006,4.735517194
452,streamline,stream,line,4.454586996599787,4.962909548784549,1.8502202118381255,5.0010407991993535,4.3175148752500006,4.735517194
453,striptease,strip,tease,4.743184977399351,4.962909548784549,1.9795220233664865,4.964213626939836,4.3175148752500006,4.735517194
454,sunbeam,sun,beam,4.439397629189283,4.962909548784549,1.8434148533366328,5.002979071423539,4.3175148752500006,4.735517194
455,sunburn,sun,burn,4.439397629189283,4.962909548784549,1.8434148533366328,5.002979071423539,4.3175148752500006,4.735517194
456,sundown,sun,down,4.454586996599787,4.962909548784549,1.8502202118381255,5.0010407991993535,4.3175148752500006,4.735517194
457,sunflower,sun,flower,4.439397629189283,4.962909548784549,1.8434148533366328,5.002979071423539,4.3175148752500006,4.735517194
458,sunlight,sun,light,4.46977636401029,4.962909548784549,1.8570255703396181,4.999102526975169,4.3175148752500006,4.735517194
459,sunrise,sun,rise,4.454586996599787,4.962909548784549,1.8502202118381255,5.0010407991993535,4.3175148752500006,4.735517194
460,sunroof,sun,roof,4.439397629189283,4.962909548784549,1.8434148533366328,5.002979071423539,4.3175148752500006,4.735517194
461,sunset,sun,set,4.46977636401029,4.962909548784549,1.8570255703396181,4.999102526975169,4.3175148752500006,4.735517194
462,sunshine,sun,shine,4.697616875167841,4.962909548784549,1.9591059478620085,4.970028443612391,4.3175148752500006,4.735517194
463,sunspot,sun,spot,4.454586996599787,4.962909548784549,1.8502202118381255,5.0010407991993535,4.3175148752500006,4.735517194
464,sunstroke,sun,stroke,4.46977636401029,4.962909548784549,1.8570255703396181,4.999102526975169,4.3175148752500006,4.735517194
465,suntan,sun,tan,4.454586996599787,4.962909548784549,1.8502202118381255,5.0010407991993535,4.3175148752500006,4.735517194
466,superhuman,super,human,4.454586996599787,4.962909548784549,1.8502202118381255,5.0010407991993535,4.3175148752500006,4.735517194
467,superman,super,man,4.606480670704821,4.962909548784549,1.9182737968530523,4.981658076957502,4.3175148752500006,4.735517194
468,supermarket,super,market,4.454586996599787,4.962909548784549,1.8502202118381255,5.0010407991993535,4.3175148752500006,4.735517194
469,superstar,super,star,4.454586996599787,4.962909548784549,1.8502202118381255,5.0010407991993535,4.3175148752500006,4.735517194
470,supervision,super,vision,4.439397629189283,4.962909548784549,1.8434148533366328,5.002979071423539,4.3175148752500006,4.735517194
471,swimsuit,swim,suit,4.500155098831297,4.962909548784549,1.8706362873426035,4.995225982526798,4.3175148752500006,4.735517194
472,takeoff,take,off,4.484965731420793,4.962909548784549,1.8638309288411108,4.997164254750984,4.3175148752500006,4.735517194
473,takeover,take,over,4.46977636401029,4.962909548784549,1.8570255703396181,4.999102526975169,4.3175148752500006,4.735517194
474,tapeworm,tape,worm,4.500155098831297,4.962909548784549,1.8706362873426035,4.995225982526798,4.3175148752500006,4.735517194
475,teammate,team,mate,4.500155098831297,4.962909548784549,1.8706362873426035,4.995225982526798,4.3175148752500006,4.735517194
476,teamwork,team,work,4.5761019358838135,4.962909548784549,1.904663079850067,4.985534621405873,4.3175148752500006,4.735517194
477,tearoom,tea,room,4.439397629189283,4.962909548784549,1.8434148533366328,5.002979071423539,4.3175148752500006,4.735517194
478,telltale,tell,tale,4.7735637122203585,4.962909548784549,1.9931327403694719,4.960337082491465,4.3175148752500006,4.735517194
479,tenfold,ten,fold,4.439397629189283,4.962909548784549,1.8434148533366328,5.002979071423539,4.3175148752500006,4.735517194
480,textbook,text,book,5.350759673819487,4.962909548784549,2.251736363426194,4.886682737972429,4.3175148752500006,4.735517194
481,threadbare,thread,bare,4.56091256847331,4.962909548784549,1.8978577213485743,4.987472893630057,4.3175148752500006,4.735517194
482,threadlike,thread,like,4.439397629189283,4.962909548784549,1.8434148533366328,5.002979071423539,4.3175148752500006,4.735517194
483,threesome,three,some,4.439397629189283,4.962909548784549,1.8434148533366328,5.002979071423539,4.3175148752500006,4.735517194
484,throughout,through,out,4.621670038115324,4.962909548784549,1.925079155354545,4.979719804733317,4.3175148752500006,4.735517194
485,throwback,throw,back,4.454586996599787,4.962909548784549,1.8502202118381255,5.0010407991993535,4.3175148752500006,4.735517194
486,tightrope,tight,rope,4.591291303294318,4.962909548784549,1.9114684383515597,4.9835963491816875,4.3175148752500006,4.735517194
487,tightwad,tight,wad,4.439397629189283,4.962909548784549,1.8434148533366328,5.002979071423539,4.3175148752500006,4.735517194
488,tiptoe,tip,toe,4.484965731420793,4.962909548784549,1.8638309288411108,4.997164254750984,4.3175148752500006,4.735517194
489,toadstool,toad,stool,4.5761019358838135,4.962909548784549,1.904663079850067,4.985534621405873,4.3175148752500006,4.735517194
490,toenail,toe,nail,4.7735637122203585,4.962909548784549,1.9931327403694719,4.960337082491465,4.3175148752500006,4.735517194
491,tombstone,tomb,stone,4.591291303294318,4.962909548784549,1.9114684383515597,4.9835963491816875,4.3175148752500006,4.735517194
492,torchlight,torch,light,5.335570306408984,4.962909548784549,2.2449310049247013,4.888621010196615,4.3175148752500006,4.735517194
493,tortoiseshell,tortoise,shell,5.0317829581989155,4.962909548784549,2.1088238348948476,4.927386454680318,4.3175148752500006,4.735517194
494,touchdown,touch,down,4.439397629189283,4.962909548784549,1.8434148533366328,5.002979071423539,4.3175148752500006,4.735517194
495,touchstone,touch,stone,4.484965731420793,4.962909548784549,1.8638309288411108,4.997164254750984,4.3175148752500006,4.735517194
496,township,town,ship,4.439397629189283,4.962909548784549,1.8434148533366328,5.002979071423539,4.3175148752500006,4.735517194
497,trademark,trade,mark,4.5761019358838135,4.962909548784549,1.904663079850067,4.985534621405873,4.3175148752500006,4.735517194
498,treadmill,tread,mill,4.500155098831297,4.962909548784549,1.8706362873426035,4.995225982526798,4.3175148752500006,4.735517194
499,tugboat,tug,boat,4.8343211818623715,4.962909548784549,2.0203541743754427,4.9525839935947245,4.3175148752500006,4.735517194
500,tumbleweed,tumble,weed,4.46977636401029,4.962909548784549,1.8570255703396181,4.999102526975169,4.3175148752500006,4.735517194
501,turtledove,turtle,dove,4.803942447041365,4.962909548784549,2.0067434573724574,4.956460538043095,4.3175148752500006,4.735517194
502,turtleneck,turtle,neck,4.46977636401029,4.962909548784549,1.8570255703396181,4.999102526975169,4.3175148752500006,4.735517194
503,update,up,date,4.439397629189283,4.962909548784549,1.8434148533366328,5.002979071423539,4.3175148752500006,4.735517194
504,upend,up,end,4.439397629189283,4.962909548784549,1.8434148533366328,5.002979071423539,4.3175148752500006,4.735517194
505,upgrade,up,grade,4.439397629189283,4.962909548784549,1.8434148533366328,5.002979071423539,4.3175148752500006,4.735517194
506,uphill,up,hill,4.46977636401029,4.962909548784549,1.8570255703396181,4.999102526975169,4.3175148752500006,4.735517194
507,uphold,up,hold,4.439397629189283,4.962909548784549,1.8434148533366328,5.002979071423539,4.3175148752500006,4.735517194
508,upkeep,up,keep,4.439397629189283,4.962909548784549,1.8434148533366328,5.002979071423539,4.3175148752500006,4.735517194
509,uplift,up,lift,4.439397629189283,4.962909548784549,1.8434148533366328,5.002979071423539,4.3175148752500006,4.735517194
510,upright,up,right,4.439397629189283,4.962909548784549,1.8434148533366328,5.002979071423539,4.3175148752500006,4.735517194
511,uproar,up,roar,4.439397629189283,4.962909548784549,1.8434148533366328,5.002979071423539,4.3175148752500006,4.735517194
512,uproot,up,root,4.439397629189283,4.962909548784549,1.8434148533366328,5.002979071423539,4.3175148752500006,4.735517194
513,upset,up,set,4.439397629189283,4.962909548784549,1.8434148533366328,5.002979071423539,4.3175148752500006,4.735517194
514,upshot,up,shot,4.439397629189283,4.962909548784549,1.8434148533366328,5.002979071423539,4.3175148752500006,4.735517194
515,upside,up,side,4.439397629189283,4.962909548784549,1.8434148533366328,5.002979071423539,4.3175148752500006,4.735517194
516,upstage,up,stage,4.439397629189283,4.962909548784549,1.8434148533366328,5.002979071423539,4.3175148752500006,4.735517194
517,upstream,up,stream,4.439397629189283,4.962909548784549,1.8434148533366328,5.002979071423539,4.3175148752500006,4.735517194
518,uptight,up,tight,4.439397629189283,4.962909548784549,1.8434148533366328,5.002979071423539,4.3175148752500006,4.735517194
519,uptown,up,town,4.454586996599787,4.962909548784549,1.8502202118381255,5.0010407991993535,4.3175148752500006,4.735517194
520,viewpoint,view,point,4.484965731420793,4.962909548784549,1.8638309288411108,4.997164254750984,4.3175148752500006,4.735517194
521,vineyard,vine,yard,4.530533833652304,4.962909548784549,1.884247004345589,4.991349438078428,4.3175148752500006,4.735517194
522,waistband,waist,band,4.500155098831297,4.962909548784549,1.8706362873426035,4.995225982526798,4.3175148752500006,4.735517194
523,waistcoat,waist,coat,4.46977636401029,4.962909548784549,1.8570255703396181,4.999102526975169,4.3175148752500006,4.735517194
524,waistline,waist,line,4.545723201062807,4.962909548784549,1.8910523628470817,4.989411165854243,4.3175148752500006,4.735517194
525,wallflower,wall,flower,4.500155098831297,4.962909548784549,1.8706362873426035,4.995225982526798,4.3175148752500006,4.735517194
526,wallpaper,wall,paper,4.545723201062807,4.962909548784549,1.8910523628470817,4.989411165854243,4.3175148752500006,4.735517194
527,wanderlust,wander,lust,4.5153444662418005,4.962909548784549,1.8774416458440963,4.993287710302613,4.3175148752500006,4.735517194
528,wartime,war,time,4.454586996599787,4.962909548784549,1.8502202118381255,5.0010407991993535,4.3175148752500006,4.735517194
529,wastebasket,waste,basket,4.484965731420793,4.962909548784549,1.8638309288411108,4.997164254750984,4.3175148752500006,4.735517194
530,wasteland,waste,land,4.606480670704821,4.962909548784549,1.9182737968530523,4.981658076957502,4.3175148752500006,4.735517194
531,wastewater,waste,water,4.454586996599787,4.962909548784549,1.8502202118381255,5.0010407991993535,4.3175148752500006,4.735517194
532,waterfall,water,fall,4.454586996599787,4.962909548784549,1.8502202118381255,5.0010407991993535,4.3175148752500006,4.735517194
533,waterfront,water,front,4.439397629189283,4.962909548784549,1.8434148533366328,5.002979071423539,4.3175148752500006,4.735517194
534,watermark,water,mark,4.439397629189283,4.962909548784549,1.8434148533366328,5.002979071423539,4.3175148752500006,4.735517194
535,watermelon,water,melon,4.454586996599787,4.962909548784549,1.8502202118381255,5.0010407991993535,4.3175148752500006,4.735517194
536,waterproof,water,proof,4.439397629189283,4.962909548784549,1.8434148533366328,5.002979071423539,4.3175148752500006,4.735517194
537,watertight,water,tight,4.454586996599787,4.962909548784549,1.8502202118381255,5.0010407991993535,4.3175148752500006,4.735517194
538,waterway,water,way,4.439397629189283,4.962909548784549,1.8434148533366328,5.002979071423539,4.3175148752500006,4.735517194
539,wedlock,wed,lock,4.484965731420793,4.962909548784549,1.8638309288411108,4.997164254750984,4.3175148752500006,4.735517194
540,weekday,week,day,4.910268018914889,4.962909548784549,2.0543809668829063,4.942892632473799,4.3175148752500006,4.735517194
541,weekend,week,end,4.682427507757338,4.962909548784549,1.9523005893605159,4.971966715836577,4.3175148752500006,4.735517194
542,werewolf,were,wolf,4.5153444662418005,4.962909548784549,1.8774416458440963,4.993287710302613,4.3175148752500006,4.735517194
543,whatever,what,ever,4.530533833652304,4.962909548784549,1.884247004345589,4.991349438078428,4.3175148752500006,4.735517194
544,whatnot,what,not,4.5153444662418005,4.962909548784549,1.8774416458440963,4.993287710302613,4.3175148752500006,4.735517194
545,whenever,when,ever,4.484965731420793,4.962909548784549,1.8638309288411108,4.997164254750984,4.3175148752500006,4.735517194
546,whichever,which,ever,4.439397629189283,4.962909548784549,1.8434148533366328,5.002979071423539,4.3175148752500006,4.735517194
547,whirlpool,whirl,pool,4.682427507757338,4.962909548784549,1.9523005893605159,4.971966715836577,4.3175148752500006,4.735517194
548,whirlwind,whirl,wind,4.621670038115324,4.962909548784549,1.925079155354545,4.979719804733317,4.3175148752500006,4.735517194
549,whoever,who,ever,4.439397629189283,4.962909548784549,1.8434148533366328,5.002979071423539,4.3175148752500006,4.735517194
550,wholesale,whole,sale,4.439397629189283,4.962909548784549,1.8434148533366328,5.002979071423539,4.3175148752500006,4.735517194
551,wholesome,whole,some,4.500155098831297,4.962909548784549,1.8706362873426035,4.995225982526798,4.3175148752500006,4.735517194
552,whomever,whom,ever,4.439397629189283,4.962909548784549,1.8434148533366328,5.002979071423539,4.3175148752500006,4.735517194
553,widespread,wide,spread,4.454586996599787,4.962909548784549,1.8502202118381255,5.0010407991993535,4.3175148752500006,4.735517194
554,willpower,will,power,4.56091256847331,4.962909548784549,1.8978577213485743,4.987472893630057,4.3175148752500006,4.735517194
555,windowpane,window,pane,4.621670038115324,4.962909548784549,1.925079155354545,4.979719804733317,4.3175148752500006,4.735517194
556,windowsill,window,sill,4.606480670704821,4.962909548784549,1.9182737968530523,4.981658076957502,4.3175148752500006,4.735517194
557,wingspan,wing,span,4.454586996599787,4.962909548784549,1.8502202118381255,5.0010407991993535,4.3175148752500006,4.735517194
558,wintergreen,winter,green,4.439397629189283,4.962909548784549,1.8434148533366328,5.002979071423539,4.3175148752500006,4.735517194
559,wintertime,winter,time,4.46977636401029,4.962909548784549,1.8570255703396181,4.999102526975169,4.3175148752500006,4.735517194
560,wiretap,wire,tap,4.439397629189283,4.962909548784549,1.8434148533366328,5.002979071423539,4.3175148752500006,4.735517194
561,wisecrack,wise,crack,4.454586996599787,4.962909548784549,1.8502202118381255,5.0010407991993535,4.3175148752500006,4.735517194
562,wishbone,wish,bone,4.500155098831297,4.962909548784549,1.8706362873426035,4.995225982526798,4.3175148752500006,4.735517194
563,witchcraft,witch,craft,4.545723201062807,4.962909548784549,1.8910523628470817,4.989411165854243,4.3175148752500006,4.735517194
564,womanhood,woman,hood,4.439397629189283,4.962909548784549,1.8434148533366328,5.002979071423539,4.3175148752500006,4.735517194
565,womankind,woman,kind,4.439397629189283,4.962909548784549,1.8434148533366328,5.002979071423539,4.3175148752500006,4.735517194
566,wordplay,word,play,4.439397629189283,4.962909548784549,1.8434148533366328,5.002979071423539,4.3175148752500006,4.735517194
567,worldwide,world,wide,4.591291303294318,4.962909548784549,1.9114684383515597,4.9835963491816875,4.3175148752500006,4.735517194
568,wristwatch,wrist,watch,5.138108530072439,4.962909548784549,2.1564613444052965,4.913818549111022,4.3175148752500006,4.735517194
569,yardstick,yards,tick,4.439397629189283,4.962909548784549,1.8434148533366328,5.002979071423539,4.3175148752500006,4.735517194
570,yearbook,year,book,4.46977636401029,4.962909548784549,1.8570255703396181,4.999102526975169,4.3175148752500006,4.735517194
