,Compound,left,right,freq_TRAN,freq_LMD,freq_glove_TRAN,freq_glove_LMD,freq_bert_TRAN,freq_bert_LMD
0,aircraft,air,craft,4.18715599633705,4.927734274983381,4.145050260894933,4.820421988775429,4.523907465049267,4.4969647162994635
1,airfield,air,field,4.764073271346153,5.30928841079139,2.1752783797940927,5.0320659155506,4.30689234223274,4.785408519017298
2,airflow,air,flow,4.832777351540385,5.4543153183548805,2.0076736827323787,5.133168592704063,4.251310128311098,4.831926863190073
3,airlift,air,lift,4.827845250433593,5.45784555108245,2.029081037771503,5.136535688429786,4.251137182601248,4.830290831368476
4,airline,air,line,4.709126720826373,5.19886717651821,2.3130637731137713,4.95544958335924,4.349682812727494,4.7488851141465505
5,airmail,air,mail,4.834019173885241,5.471096628507937,2.0141666529749447,5.145787624756799,4.246077149685094,4.834497796343732
6,airplane,air,plane,4.8322848816529875,5.469206859109608,2.0195885550203787,5.1445853166651965,4.246951325520229,4.833539940947106
7,airport,air,port,4.5320781679593996,5.209018453726172,3.0031327552239473,4.987475190490923,4.37828498841329,4.675912708035692
8,airspace,air,space,4.9110320292532395,5.381865619573014,2.077753456200208,4.98559522222905,4.173765774371216,4.734254497831861
9,airstrip,air,strip,4.833301484480664,5.482857310017206,2.0248451941753265,5.154849151372403,4.242693499304927,4.835633929604805
10,backache,back,ache,4.472074486942973,5.87658914011541,1.8338354883291335,5.863286341796024,4.564184629978828,5.266974436549808
11,backbone,back,bone,4.43803319304995,5.830070807079578,1.9339200794502316,5.832503811244265,4.584157760237378,5.24702170016835
12,backdrop,back,drop,4.429178620071947,5.798213597559995,1.946666852854365,5.809439498089429,4.5952527624425805,5.239417731059772
13,background,back,ground,3.8132441992855783,5.17636948935048,3.9054161749632588,5.420018150919441,4.890992595895638,4.905259737637339
14,backhand,back,hand,4.442493257841592,5.551942443517986,1.7296701169676247,5.619924349645291,4.66641334568318,5.214908439602841
15,backlash,back,lash,4.452046051024916,5.861538034899767,1.9010048763846294,5.854563251396614,4.572257574526552,5.2567401973501005
16,backlog,back,log,4.457745929406027,5.857047455270167,1.8759887940850377,5.850358924162206,4.572580111706946,5.258580716481879
17,backseat,back,seat,4.912143320900537,5.356208744391184,2.0278589511556455,4.97138863323382,4.186969042626267,4.739780070263653
18,backside,back,side,4.417956157407343,5.54642031960482,1.8206468821164368,5.619082039086804,4.672446390233233,5.203948608416218
19,backstage,back,stage,4.444037947470017,5.714173875948045,1.8328079118557739,5.743352488900144,4.617693099686251,5.235377966565382
20,backstroke,back,stroke,4.4741558592831225,5.867796477458605,1.819890362383518,5.856299723795087,4.56643834347463,5.266772556449851
21,backwash,back,wash,4.473335177867486,5.8598040703684235,1.817682621561776,5.850321127364615,4.568971604334577,5.265452012421033
22,backyard,back,yard,4.463829167153308,5.845040269381987,1.8444384668533889,5.840373437450687,4.575078702549211,5.259663519631853
23,bagpipe,bag,pipe,4.899004998850433,5.420528674138255,2.0346260420493434,5.039122988522254,4.187762774340905,4.767332136264557
24,banknote,bank,note,4.837047055335002,5.402653814911452,1.9818738369311195,5.088279890468565,4.260827459716732,4.820057489334414
25,bankroll,bank,roll,4.844445127467032,5.4718892420622645,1.999884239860539,5.140030760612837,4.238831107407729,4.831617953859773
26,batman,bat,man,4.84774932253746,4.831117864115811,1.930396557763724,4.5786519462459,4.3538242476155435,4.64656280338191
27,bearskin,bear,skin,4.918883458826283,5.419259426434542,2.0454712620590163,5.018279189401939,4.166689653497588,4.749955859825397
28,beefsteak,beef,steak,4.918795662531825,5.4233612982024555,2.0449023322208664,5.022128503690948,4.166222761576257,4.751479888568626
29,beehive,bee,hive,4.916539453343148,5.415191984314426,2.0703570685792907,5.011897740588966,4.164562112777896,4.743107474638655
30,beeline,bee,line,4.9009071879350365,5.2095156210161315,1.9923679440569697,4.857291947292814,4.228772580413647,4.7114246505951805
31,beetroot,beet,root,4.917636717546919,5.396028421367596,2.062012039589531,4.995439807374682,4.168311537107294,4.7386892015917494
32,bellboy,bell,boy,4.898784362459023,5.312030478935956,2.005619335810925,4.948103112919033,4.211473533945349,4.741524046012494
33,bellhop,bell,hop,4.911517789741986,5.432288065974077,2.037352084007797,5.038007113588634,4.173288077738636,4.761554988921052
34,blindfold,blind,fold,4.902953047358448,5.41899458938838,2.0673079972826094,5.027917335529761,4.177604777297165,4.754651679059641
35,boardroom,board,room,4.811201862895961,5.1723960534644124,2.01795489657754,4.898653067055863,4.315740216863302,4.75473397399823
36,boardwalk,board,walk,4.852696703669641,5.383377950166352,1.999706503657617,5.053754262154323,4.245324557071739,4.7979057593634336
37,boyfriend,boy,friend,4.737593037259483,5.225208692115607,2.3494863124493284,4.946682263073653,4.310701188310111,4.726877411932383
38,briefcase,brief,case,4.8221477328387765,5.005842273264352,2.0514403909634096,4.733802264520258,4.325509739061491,4.684711550989382
39,broomstick,broom,stick,4.915409148916635,5.377377986445572,2.05353340211182,4.982410742762878,4.17519652313239,4.736786810550782
40,brownstone,brown,stone,4.879558333532138,5.382027322730077,2.010811707592413,5.026602094094455,4.2175081108152845,4.775566719926353
41,calfskin,calf,skin,4.916706794590226,5.358019832826845,2.028486214976911,4.96884140691052,4.182166845540003,4.736994873759261
42,campground,camp,ground,4.8960857513584815,5.2853896657508095,1.996518005824143,4.928480115358152,4.220234872927328,4.7376001972857855
43,campsite,camp,site,4.890390610433892,5.334926563844622,2.0518089604614556,4.967014557947069,4.206460117490035,4.741265592288
44,cartwheel,cart,wheel,4.918315060450202,5.400192905915939,2.0429972538247085,5.0022444039471905,4.170833669940381,4.745031073758002
45,cheapskate,cheap,skate,4.909153431973325,5.438062661158401,2.0385389176518953,5.045025324556497,4.17437947838682,4.764686053945103
46,cheekbone,cheek,bone,4.906312826665049,5.399238128279538,2.068030762206377,5.007167283845594,4.177442546322869,4.745849626136134
47,chestnut,chest,nut,4.862017499662445,5.391913584008219,2.192315670950061,5.015756045065797,4.1959926455881185,4.738448311719064
48,chopstick,chop,stick,4.920214600175955,5.383397340872958,2.0339485411937397,4.987325950449596,4.173570684064155,4.74100722228205
49,clamshell,clam,shell,4.921167004320197,5.371847235561564,2.0336599822995547,4.976229102889051,4.174591157244301,4.736771304088315
50,claptrap,clap,trap,4.922165315069661,5.404801386600649,2.048969115578285,5.001789056939819,4.165179610403765,4.742083208520066
51,classmate,class,mate,4.843824927361774,5.484504755208315,2.005939812543786,5.150665661950752,4.236150998794868,4.8342929953518645
52,classroom,class,room,4.580782772809418,5.010625194174816,2.7023585057258774,4.8255983576225425,4.424655173102884,4.666134292811012
53,clipboard,clip,board,4.898415269900927,5.282782219072038,2.0525663533766947,4.913217568098511,4.207074103225066,4.718953207073111
54,cloakroom,cloak,room,4.8767458016103244,5.1200404261372725,2.020771205079213,4.793320751092258,4.260752623377504,4.6917132472312595
55,coachman,coach,man,4.842197334057634,4.8455075248665205,1.9101720705735243,4.600336319060395,4.360911356598711,4.660828851680754
56,coastline,coast,line,4.83335914793319,5.186227595604159,2.1445467003256407,4.866817544700668,4.266591223049366,4.707096961280961
57,cobweb,cob,web,4.920472288533402,5.412491696332337,2.0616519232963415,5.007692632680081,4.1629877426484585,4.742030607579033
58,corkscrew,cork,screw,4.914371223091668,5.385498180904616,2.068554426465235,4.9876642163334335,4.171832501719378,4.735738376156694
59,countdown,count,down,4.803178574021878,4.528217949950312,1.8292877406343222,4.367384388049558,4.466291323933213,4.610933479874965
60,crossroad,cross,road,4.866484337400878,5.197945391005257,1.9611579755897426,4.883508485134303,4.270017492191929,4.740748756613751
61,crosswind,cross,wind,4.884360860015688,5.3823528290931115,2.016183240869143,5.021596887194535,4.211757197094136,4.770773579738118
62,crossword,cross,word,4.852580651672462,5.254729215679708,2.0529997392579213,4.9286920873325295,4.255545347585343,4.741858865726999
63,cupboard,cup,board,4.708592316693772,5.217811101339962,2.4792688298573466,4.940592328327007,4.313467100822381,4.707215504222337
64,darkroom,dark,room,4.832105879670796,5.187511644065464,1.9549823340465784,4.905844103066666,4.305966507446596,4.763166011253358
65,dartboard,dart,board,4.910313796808088,5.2920405755591045,2.015408289690675,4.918149877303632,4.2016706686154395,4.724339764991105
66,dashboard,dash,board,4.891641808021739,5.279411071252186,2.0699060302952015,4.912844719425536,4.210613615800738,4.717590202729095
67,dateline,date,line,4.830071748965274,5.279195232691872,1.963029454524376,4.98791857134471,4.291395599896038,4.791279169540606
68,dimwit,dim,wit,4.922519581382179,5.417475534837153,2.0424824753921387,5.014046017723378,4.164093877368109,4.747723454407406
69,dipstick,dip,stick,4.917703649598971,5.382603719152427,2.0394607817026027,4.9877724241378925,4.1749940943490325,4.740910975338433
70,dockyard,dock,yard,4.9025244796109115,5.38368126937973,2.086008916764386,4.993149985536213,4.179966672756492,4.738366333204819
71,dovetail,dove,tail,4.9195446114044366,5.395053693170821,2.0499499182739798,4.995219618878469,4.169080484980307,4.740538653513436
72,drainpipe,drain,pipe,4.913715321799388,5.39841507779823,2.056063937007989,5.002197181635132,4.172892691177004,4.743894069156949
73,drawback,draw,back,4.765361022214307,4.468192465489954,1.8641595400823667,4.340540155454462,4.505287502624671,4.608182658747433
74,drawbridge,draw,bridge,4.878655668329422,5.385914392716947,2.0441057439307526,5.024412944956805,4.2110022260640125,4.767802629678095
75,drawstring,draw,string,4.889191800414745,5.426647847438232,2.0308388974404017,5.054011343632804,4.196956224312305,4.7771959841023035
76,driftwood,drift,wood,4.905106748340577,5.3506998489505095,2.054308512272816,4.967573679676319,4.189263969657554,4.735290496395958
77,dropout,drop,out,4.752677693321531,3.9854844475789637,1.6358835613567602,3.9652048684205887,4.642100280208009,4.530188803668558
78,drugstore,drug,store,4.899249829742902,5.4018946841169715,2.0279714333828642,5.023564876028707,4.191902254860541,4.76318640292408
79,eyeball,eye,ball,4.86950238447355,5.3870944549659745,2.031850773383494,5.035950831224982,4.222078997032606,4.7780909987784845
80,eyebrow,eye,brow,4.840473722812132,5.420330494199206,2.1662252166924016,5.065263140403428,4.217340900907935,4.769984075924302
81,eyelash,eye,lash,4.882456140122375,5.461685070859003,2.032022722874629,5.091020827283821,4.197490880658971,4.792634533810078
82,eyelid,eye,lid,4.868579199213381,5.441854046307658,2.0722386316934656,5.077810940854505,4.205892071835574,4.784394763449365
83,eyesight,eye,sight,4.85375972385907,5.380968790452916,2.088483325063008,5.03344204966593,4.226720953356973,4.770743754576996
84,eyesore,eye,sore,4.788927576167659,5.545624385548295,2.0021047756099146,5.25458788360659,4.279700278851906,4.892970025511704
85,eyestrain,eye,strain,4.882043661228489,5.440792975971315,2.0195648024783486,5.075155101294004,4.203803209237071,4.789908962087066
86,eyewash,eye,wash,4.881999820681082,5.441303527839382,2.02007732664556,5.075550218258684,4.203658585357421,4.7899529667662915
87,fallout,fall,out,4.719394591662056,4.005482877290797,1.6476792864309804,4.010247052327742,4.6684152728811235,4.556282587471708
88,feedback,feed,back,4.679374724486442,4.359511993274049,2.21655494759996,4.251342278265811,4.534141942908381,4.531791954797766
89,folklore,folk,lore,4.886384411409517,5.403298622071369,2.143089302311512,5.013883685129078,4.180717404337783,4.739315393435155
90,folktale,folk,tale,4.9154456236494095,5.411629751074736,2.036542708295773,5.016246140656923,4.173037228854086,4.7525147930972516
91,foothill,foot,hill,4.886970550553482,5.389390320158347,2.011111536871976,5.0265505697532324,4.2091354566103405,4.772650274974435
92,foothold,foot,hold,4.862745282428694,5.312842252756323,2.0531207529691935,4.971535084631588,4.236321985643651,4.753142936777437
93,footnote,foot,note,4.862897688004508,5.33870159016373,2.069922729966671,4.991222131843504,4.228572846379903,4.756366410962114
94,footpath,foot,path,4.843759036085247,5.35950347418561,2.157769122844886,5.009701304865977,4.2257806789264425,4.750885791794354
95,footprint,foot,print,4.875874588605125,5.413517608841911,2.070156942418701,5.046460736967362,4.203913286691769,4.770947188128481
96,footstep,foot,step,4.882866580660884,5.370985390609817,2.0145719216981055,5.013086797494556,4.215364650692663,4.768681247070764
97,footstool,foot,stool,4.890861599674558,5.446034331261007,2.0341881901606134,5.069186376440781,4.191525656230538,4.781202248322137
98,footwear,foot,wear,4.8641480111288615,5.386503312079444,2.0972437813934977,5.027481318693757,4.214075281326341,4.762731097754053
99,footwork,foot,work,4.793672808315225,4.587662824197709,1.8320009075388342,4.428336269923168,4.465210532753978,4.635584960736788
100,framework,frame,work,4.409955144115019,4.224163374716756,3.1606656984852277,4.186039430886644,4.623622910543384,4.403645988567016
101,freshman,fresh,man,4.834382253220508,4.8670592996140485,1.879100522593661,4.632521911636416,4.3712037214912565,4.682072857559337
102,frostbite,frost,bite,4.917272000765693,5.410612809455353,2.0540519819429144,5.010324422149138,4.16790402752614,4.745860579476447
103,fruitcake,fruit,cake,4.904240185902065,5.412520891805171,2.035990119470704,5.027073881666949,4.183761664215231,4.760758110236984
104,gallstone,gall,stone,4.913043768509498,5.34879690481682,2.025265610759697,4.964478547633366,4.187833759590243,4.737556464276129
105,gangplank,gang,plank,4.914638528881858,5.421647542495836,2.0591925861863176,5.0215090956342046,4.167598735047704,4.749701363451516
106,gangway,gang,way,4.816263506778397,4.5151609890857625,1.829226208061283,4.344152218233551,4.455863287604169,4.5977079712629285
107,girlfriend,girl,friend,4.718243870256747,5.229109764509743,2.3718530642497067,4.962964093169005,4.324114266981604,4.735118999026414
108,goalpost,goal,post,4.892026575538228,5.361132404876881,2.0082812555059033,4.997399162877532,4.209445291671507,4.76100302446548
109,goatherd,goat,herd,4.923361389680714,5.418135476295206,2.04367718033055,5.013657691747408,4.162936633592849,4.74700096643049
110,grapefruit,grape,fruit,4.908347778626104,5.372911678271484,2.0788466977156204,4.979768736748122,4.177575940781173,4.732972952965742
111,grapevine,grape,vine,4.910454507170993,5.406553623462503,2.0933405282518023,5.0051189647711025,4.167153640207666,4.7379665210663156
112,greasepaint,grease,paint,4.919466574112007,5.388689898895505,2.0437495450335703,4.990811337722827,4.171444605891677,4.740370601481246
113,guardrail,guard,rail,4.909790268353574,5.398422806177861,2.0288437346792687,5.010960659695919,4.182170745464186,4.754496725107009
114,guidebook,guide,book,4.857855052921569,5.199252869935751,2.031155950059742,4.878741112295544,4.263916923054827,4.726938968417774
115,hailstone,hail,stone,4.917338598109567,5.345731545284774,2.0247167650950906,4.958044852141085,4.184319788602502,4.733754577390556
116,hailstorm,hail,storm,4.923007182552711,5.400936444081585,2.039966001934338,4.999340022315365,4.166822130159761,4.742875796898654
117,hallmark,hall,mark,4.839377920956108,5.34045409468699,2.0595896232697677,5.015623200110378,4.2529594617573405,4.776282817108857
118,hallway,hall,way,4.733979459164125,4.532443726009084,1.9229513275485344,4.414280672989436,4.513072728676656,4.633377628115377
119,hamstring,ham,string,4.897564139813221,5.3844832918382215,2.1024242996520095,4.99507529344803,4.181274761394963,4.737329171625367
120,handbag,hand,bag,4.702683327139802,5.476883214111617,2.1632486091085705,5.238364613654427,4.341036378160324,4.884679540596907
121,handbook,hand,book,4.691175223931299,5.300120969704936,2.088788490708878,5.1052291010148885,4.3958758737520265,4.858258260604276
122,handcart,hand,cart,4.769788501797006,5.571651148289625,1.968015589135454,5.301383201566231,4.300747775720166,4.92438684788246
123,handcuff,hand,cuff,4.769919887066023,5.578555698628329,1.9721517987639778,5.306627282837345,4.298662519291014,4.925285544004566
124,handgun,hand,gun,4.761454613386933,5.542989745472792,1.980902150431912,5.280683049073435,4.31079544034258,4.917391607686805
125,handout,hand,out,4.60604386779415,4.109171934634007,1.616416013258077,4.209260381957221,4.766718079361408,4.67705946816515
126,handrail,hand,rail,4.763112566458073,5.540386052110324,1.9727530420178971,5.278471265724234,4.3112767060712205,4.917768436150876
127,handsaw,hand,saw,4.746016323323288,5.330764924557241,1.89776069607693,5.121059924531664,4.376926698287502,4.88498997636227
128,handshake,hand,shake,4.825151922062944,5.491689115735951,2.064411703816142,5.162275712495234,4.2410714327024515,4.832667646998567
129,handstand,hand,stand,4.761129976843694,5.477952943261499,1.9384184095414916,5.231161643989187,4.330274213919581,4.9093090903688905
130,hatpin,hat,pin,4.911614132970309,5.42374904728725,2.0370371630353143,5.030361224745033,4.174646550356744,4.758875873093852
131,headache,head,ache,4.677595542673229,5.518758877899845,2.231476577179348,5.284728386560593,4.344504008506147,4.89568218563334
132,headband,head,band,4.749797604967616,5.52628854910978,1.957907548662941,5.280561586966383,4.329355132544902,4.9268668361597685
133,headboard,head,board,4.739074716794189,5.456548714749964,1.9523886277677642,5.228882425218457,4.352096155619883,4.913851091547335
134,headdress,head,dress,4.751260115032694,5.541469065578157,1.9624723538684146,5.291930343912727,4.324560739613268,4.929334683110455
135,headgear,head,gear,4.752170807847707,5.570025650182726,1.9781619181606858,5.313568992440647,4.315870685880891,4.933205565288087
136,headlight,head,light,4.738119534009405,5.389121198569618,1.910730478648584,5.177625509714217,4.372401485530102,4.905212164295791
137,headline,head,line,4.6693043647827075,5.320825237225975,2.130364594545285,5.1350163722891935,4.40509076558928,4.86802253054035
138,headpiece,head,piece,4.7512046500446194,5.505303762445915,1.938365627797802,5.264375600044089,4.335370043555813,4.92489262152616
139,headrest,head,rest,4.744595801934912,5.440941875502303,1.9205869581721868,5.216230686603406,4.355770086650081,4.914258440292919
140,headset,head,set,4.7120330660160175,5.166009361856106,1.8613596657135512,5.011165969080324,4.443686259395523,4.867016962733386
141,headstone,head,stone,4.747621766278531,5.511661137285228,1.9564674837411336,5.269712223718844,4.33411181303316,4.9241675665314455
142,headway,head,way,4.642353886638406,4.667422323575841,1.7949620311986698,4.640741307326236,4.605019997567697,4.776890585668004
143,heatstroke,heat,stroke,4.899047744171597,5.4332169468368,2.0292399838848985,5.051455000945686,4.186750977009941,4.7728756394765295
144,hedgehog,hedge,hog,4.894780598041854,5.4011518335216655,2.1346854011515206,5.006160791188839,4.174707264913583,4.735219172436022
145,heirloom,heir,loom,4.917550663883084,5.419606641038677,2.0591581716316063,5.017114724745037,4.165141579968059,4.7470377530385495
146,hemline,hem,line,4.898442257595148,5.205669162671366,2.003937436408832,4.853797856166822,4.2294213575361175,4.708579240339404
147,hideout,hide,out,4.7637233740120255,3.9721912518515423,1.6453325488676485,3.9417233141226853,4.631742745252556,4.515559455166225
148,hogwash,hog,wash,4.923299729847015,5.398541823401957,2.041470596496762,4.996651691881636,4.166625666455145,4.741479216339726
149,hookworm,hook,worm,4.918050207612262,5.421148749330093,2.0478909771589753,5.02023422301589,4.166692738349575,4.750434689913122
150,hopscotch,hop,scotch,4.9218143602911155,5.415047337608746,2.0498813525708313,5.011068153376557,4.163667331042504,4.745307284723425
151,hunchback,hunch,back,4.82364579400963,4.457845076113571,1.7939669196385668,4.293294505623661,4.465226329446887,4.5846156864864165
152,jawbone,jaw,bone,4.918040569941979,5.402463882098388,2.0432506980317076,5.004465367582371,4.170676938814954,4.745867814446551
153,jigsaw,jig,saw,4.8703593961142,5.1453249637933745,2.075996420171692,4.810833391436271,4.251594702263691,4.688201735024276
154,joyride,joy,ride,4.908813588983061,5.402015014016011,2.0372504695301403,5.013401350841334,4.180822700998302,4.753884032973665
155,joystick,joy,stick,4.8987739130892685,5.38486649524176,2.0644620683778334,5.001709429316738,4.187737255163411,4.747580472130485
156,keepsake,keep,sake,4.798868154548884,5.514859180377027,1.9851155223299084,5.221618549091485,4.278594957981463,4.881220718365411
157,killjoy,kill,joy,4.901832148040003,5.41427831551792,2.0327998014365436,5.031394240109134,4.186433839054435,4.763913067943122
158,kneecap,knee,cap,4.910898189600577,5.4069370746938885,2.0526022480241726,5.012970361150376,4.1749136093124335,4.7495536365786295
159,knockout,knock,out,4.751532465236558,3.9572271156416003,1.6944022425565137,3.9296466586352796,4.635942073494986,4.505127439883023
160,lamplight,lamp,light,4.893660266010087,5.21950777979783,2.0085007024624795,4.869500208798274,4.230840052897226,4.71497032747495
161,lamppost,lamp,post,4.90939500061955,5.33805670892577,2.027502148681503,4.957690258500559,4.192628575428415,4.736050546021304
162,lampshade,lamp,shade,4.916144954575586,5.411292819998401,2.050704099563832,5.0125790502903405,4.169553370863848,4.747828160052272
163,leapfrog,leap,frog,4.918221165948914,5.418649187694227,2.0545936162739142,5.016551641805286,4.165577611150979,4.747587145934369
164,letdown,let,down,4.720044593236265,4.6383367331141825,1.737955581642929,4.557024115762956,4.546703273382355,4.730069844405433
165,lineman,line,man,4.767760433468617,4.941570937628192,1.8334846199729786,4.766886630378552,4.432292300212403,4.76522802730489
166,lipstick,lip,stick,4.872958773323002,5.351420955668004,2.171899981518784,4.973882617629119,4.196200655150511,4.723913386883573
167,livestock,live,stock,4.753231594985225,5.346854495084427,2.2823304517234306,5.054433864502799,4.289523045768703,4.773907071873322
168,logbook,log,book,4.8934294194270125,5.190894129479636,1.9924155709632911,4.847285184874123,4.238966808294683,4.71072238615119
169,loincloth,loin,cloth,4.923106439928626,5.40202779450897,2.0468938324796477,4.998882395523571,4.165146882832869,4.74114980345689
170,lookout,look,out,4.521082343661255,4.193946801567908,1.5788182782873432,4.3674746902280575,4.8421222131027,4.773914567339025
171,loophole,loop,hole,4.905571815145234,5.372271636824474,2.074019697840796,4.982592559000415,4.181322182324846,4.736098194516615
172,lunchtime,lunch,time,4.6570103813652794,3.9077592684707287,1.9497568082831274,3.919683804591329,4.683019266551932,4.481471397226125
173,makeshift,make,shift,4.548500805285115,5.721379224615772,1.942149207105331,5.636047100400761,4.494099129343699,5.133326131970825
174,masthead,mast,head,4.8849110239855,5.064970375385436,1.9582262995975284,4.749066814280815,4.274523656661341,4.686673195696252
175,mealtime,meal,time,4.757509471830363,3.9845150765827517,1.6388049361188735,3.9594932527333206,4.6370277217666995,4.525673571101311
176,meantime,mean,time,4.433394656576453,4.036803367189483,2.039682842576348,4.215487309147519,4.858521483847502,4.652016290788767
177,meanwhile,mean,while,4.171963718541386,4.654869375926627,3.46420514683603,4.722394098308009,4.720669716167808,4.617950965695755
178,meatball,meat,ball,4.90394306093137,5.367093849255085,2.0182527566119006,4.990230986006929,4.195017981935922,4.7517115120666515
179,milestone,mile,stone,4.883452490360426,5.340714887291021,2.0876755656517663,4.971369263467045,4.204918594876939,4.7375618342609345
180,molehill,mole,hill,4.917110603068357,5.357436280067217,2.0282241343107765,4.968013713009424,4.181927049390629,4.736604755632746
181,moleskin,mole,skin,4.922657129982932,5.413931566173722,2.0502781496870672,5.009248807160087,4.162959187647591,4.7442526385112735
182,muskrat,musk,rat,4.924878221476006,5.411273217951964,2.045629489823876,5.005810451331155,4.1621999851015,4.743208355672394
183,namesake,name,sake,4.796694240834991,5.500493114775905,2.0173506767370704,5.204468663425707,4.276489176366583,4.868869648607609
184,network,net,work,4.043829464393704,3.937521149011486,4.307570520172275,4.032017296816961,4.789461616636424,4.236322810495677
185,nickname,nick,name,4.851144861813426,5.157783560975704,2.090888944626383,4.836083927835671,4.2650016168594025,4.701218792011961
186,nowhere,no,where,4.008464179620919,5.177603150893944,2.3643778739888552,5.547124263184627,5.015390278895803,5.215141398530292
187,nursemaid,nurse,maid,4.905184860259964,5.423301841357477,2.055659272821271,5.032044566793157,4.177120979064757,4.757828158195029
188,oatmeal,oat,meal,4.914754701193863,5.37520882147556,2.061021634905447,4.9796017770572,4.174661061302433,4.734391462327364
189,outback,out,back,4.143101260647689,5.161170699826535,1.4440693088508618,5.591718290146884,5.075140079803955,5.382199836668261
190,outfield,out,field,4.230090929858475,5.98115330224574,1.6597995779671197,6.204710595847394,4.8147408802615494,5.518851498857298
191,padlock,pad,lock,4.908910994253722,5.390831571442896,2.077547770195668,4.995516519951131,4.174387073622597,4.738628874091355
192,paintbox,paint,box,4.90110024595491,5.3524223062529765,2.021178913624993,4.979086073602491,4.199538114509852,4.748200663688641
193,paintbrush,paint,brush,4.903265468980052,5.413821523981476,2.0541134709717412,5.025582689462083,4.180816707647588,4.756610238480573
194,patchwork,patch,work,4.808896341479297,4.552194182385309,1.8794502941240254,4.373990098403588,4.446750852616921,4.600043856107978
195,pathway,path,way,4.758257910247446,4.504383548634881,1.9413947187873064,4.364153087865919,4.490589494275776,4.6022610802327515
196,pawnshop,pawn,shop,4.922454502199147,5.414300281072538,2.056396309467986,5.008570627677358,4.161855080703201,4.742742092017343
197,peacetime,peace,time,4.7138091676234675,3.985300309128708,1.7054327765429662,3.985977408182475,4.665362840707444,4.537089863319015
198,peephole,peep,hole,4.920158426602635,5.377932402247231,2.0398890251013997,4.9813455922961625,4.173309656379034,4.737599397708421
199,pillbox,pill,box,4.911744869851588,5.3373426674812015,2.034840423389727,4.953548118392303,4.189002912066152,4.732067484669399
200,pipeline,pipe,line,4.832321927460321,5.16727346403397,2.184219089848854,4.843123063471427,4.262633754394235,4.690352532859592
201,pitchfork,pitch,fork,4.908663257246116,5.422276451404562,2.05403365753355,5.028363694006746,4.174277400268979,4.755551672974929
202,pitfall,pit,fall,4.902012673156785,5.320211120331124,2.033969126667761,4.947046323145689,4.201305416406856,4.733672055417073
203,plywood,ply,wood,4.9015225478541025,5.338001158454389,2.0853972092563584,4.953383571914289,4.188473324886237,4.724780480146855
204,popcorn,pop,corn,4.901870577798938,5.419701905411328,2.062228874005439,5.030492666265993,4.179557411795543,4.757097250615288
205,popgun,pop,gun,4.90798504239734,5.405186318516621,2.028871168108277,5.018591189378685,4.182799461972919,4.757886657143571
206,printout,print,out,4.751739450281523,3.9672286790125275,1.673999394136207,3.9423479838400937,4.638249493196331,4.514046427844841
207,puffball,puff,ball,4.917910446485317,5.351763018610274,2.0272326458528465,4.962433816914267,4.182281583661437,4.734538561578895
208,purebred,pure,bred,4.909879008617477,5.42926509803403,2.0417322163494878,5.035910827638476,4.174465580291795,4.760473021643496
209,railroad,rail,road,4.870942669716281,5.172072550894581,2.0061437547585292,4.847740289802272,4.260832425330224,4.716452305173539
210,railway,rail,way,4.047860540101887,3.876312635679507,4.3110891386592005,3.9731316265806926,4.794822934024145,4.213123478683189
211,rawhide,raw,hide,4.912570327596215,5.408451899427475,2.0377692397219667,5.0157185603738155,4.176065462230445,4.753156178687322
212,roommate,room,mate,4.789724601608612,5.5439876587209005,1.9709539355990586,5.258463460420845,4.285508071633313,4.900900569462674
213,saucepan,sauce,pan,4.884520527206728,5.38101278118168,2.150959870274407,4.994116342780937,4.184533645468513,4.731283562553765
214,scarecrow,scare,crow,4.91895097344405,5.4166521890230115,2.061366237972063,5.0128090591764485,4.163830170780303,4.744489378328739
215,scrapbook,scrap,book,4.893989418489436,5.188107952621297,1.9971352774250184,4.843386825596105,4.23792624091239,4.708086382486509
216,screenplay,screen,play,4.870062950693092,5.229441010994173,2.025410055412528,4.895987501279359,4.248456391196936,4.729656445449132
217,seaboard,sea,board,4.849050682430289,5.344751038458745,2.0051983837784606,5.021441351065722,4.253987954186614,4.786629379449809
218,seafood,sea,food,4.833092376742183,5.286837561050396,2.027836388927561,4.9794935508704885,4.2741329030939,4.772864114713673
219,seafront,sea,front,4.836839930186561,5.32333402867959,2.037917800012508,5.0067941686481765,4.262565039754585,4.77889423703563
220,sealskin,seal,skin,4.922595850553279,5.41639928324292,2.0454194380691946,5.012448145224464,4.163600858902092,4.746480788113852
221,seaman,sea,man,4.780121589340934,4.8722189749794715,1.9534277999007315,4.670770840800538,4.407407345117469,4.70000090769234
222,seaplane,sea,plane,4.863908938363821,5.446326631156147,2.0161678382234203,5.096815900265252,4.221001520322557,4.805268341981861
223,seaport,sea,port,4.8633882537958915,5.443130824453396,2.0160280503310957,5.094451739603211,4.222048857905345,4.804659613068939
224,seashore,sea,shore,4.860214417872929,5.457221827090067,2.0377521427058762,5.1056262100284195,4.218408188172993,4.805050940694138
225,seaside,sea,side,4.777577433854547,5.11463067142862,2.1262650721608334,4.855867022937141,4.335474867792343,4.728553255712673
226,seaweed,sea,weed,4.847573666765639,5.45786727392183,2.0869677134826894,5.107852289987364,4.220473987565335,4.79983123119232
227,seesaw,see,saw,4.380756933028515,5.709121632036651,1.7082175828177832,5.819060988996011,4.704489782026096,5.3138469875894065
228,setback,set,back,4.589299613830345,4.629303108972825,1.8154872624961567,4.649728556488015,4.657989520137608,4.795829078237274
229,sharkskin,shark,skin,4.924849184753072,5.415056917750712,2.044597616236498,5.009413528747692,4.161822103236647,4.744724561090288
230,shellfish,shell,fish,4.891265261204609,5.3165118654880095,2.063357616877413,4.947563374986619,4.206273759947406,4.731489468054585
231,shindig,shin,dig,4.923908960963826,5.411469767842692,2.046724681107748,5.006631964371885,4.1628768124397055,4.743628853393702
232,shotgun,shot,gun,4.843555580173727,5.388270093032492,2.163390222633044,5.034467284763981,4.220164639997482,4.758508960222469
233,shutdown,shut,down,4.80128757732661,4.533991338429315,1.820648036717978,4.375888328934191,4.468918049888392,4.616574773288221
234,sickbed,sick,bed,4.891251155850754,5.292577246141015,1.9966115499700594,4.939159576679647,4.223689535080096,4.743214384976624
235,signpost,sign,post,4.868615905940811,5.361044867097346,2.044994709452623,5.010935472596408,4.224500668388963,4.766663075936173
236,silkworm,silk,worm,4.915035208345567,5.425286742836367,2.0442888637139807,5.027296887398548,4.169644243012398,4.754884830235976
237,singsong,sing,song,4.911074739122722,5.391849678434409,2.0395306610541315,5.001883019331172,4.179841713973352,4.748432838331811
238,skateboard,skate,board,4.906744491525041,5.287139297552037,2.0308191376715232,4.913947363887551,4.202773264081214,4.720819069112925
239,sketchbook,sketch,book,4.894998466473635,5.188260280938948,1.9952546027136997,4.8429938305780915,4.237313575745174,4.707975651791574
240,skinhead,skin,head,4.841766815691252,5.0826059246676145,1.990156413444795,4.796828859488736,4.306612691852963,4.713065083210656
241,skullcap,skull,cap,4.9191220934652575,5.406395435658872,2.0408543944422037,5.007481404666687,4.16948514290814,4.747051986497379
242,slapstick,slap,stick,4.914833233364699,5.378177410830252,2.0528272727959522,4.983771365903648,4.1757625059770325,4.737644931917552
243,slingshot,sling,shot,4.91696304685748,5.336115687797603,2.025165463222165,4.949707669614811,4.186151613025024,4.7308424188743174
244,snakebite,snake,bite,4.921263011756912,5.412070445801809,2.044896648722691,5.009866332480688,4.165689483484831,4.746189535266522
245,snapshot,snap,shot,4.900974592191094,5.323499283137991,2.0754486350017687,4.942854792163386,4.193369530310976,4.7234468014583735
246,soapbox,soap,box,4.908138756505254,5.340492916994783,2.034143938983586,4.959689117899813,4.192094057944181,4.735776681539219
247,songbird,song,bird,4.904435536846588,5.401786573273868,2.0308838416505544,5.018310241112435,4.186351821592643,4.758699983387612
248,songbook,song,book,4.884521157727853,5.205970504252829,1.9760506236524975,4.871806648117961,4.248382977103029,4.7264270108074085
249,soundtrack,sound,track,4.8382952645688775,5.413621909453396,2.059756692608814,5.08185686918457,4.242078558776116,4.80014987209321
250,soybean,soy,bean,4.924921518857491,5.416437971841418,2.048024646075912,5.0099173899035145,4.160834439273742,4.744120859925783
251,speedboat,speed,boat,4.88108270207523,5.40038900643782,2.0368524117043454,5.036589716280449,4.207789354231432,4.772791305416171
252,spendthrift,spend,thrift,4.890644279046975,5.451315271193975,2.0395114352202324,5.073059889221142,4.189798586613666,4.781486671437005
253,spotlight,spot,light,4.841165420795113,5.203598799183832,2.122370844479355,4.879709652343769,4.260765002991695,4.713570478245734
254,spyglass,spy,glass,4.913117643272973,5.331614682807218,2.022757826639906,4.949563285266436,4.191061913765098,4.732790756177705
255,stagecoach,stage,coach,4.843411660281658,5.458393939388612,2.025170973195711,5.123995751286755,4.236895860828066,4.82075683082118
256,staircase,stair,case,4.786608727890408,4.93383151700798,2.2514807036308997,4.662203927474416,4.330824199481555,4.628841502657998
257,stairway,stair,way,4.81203212050986,4.501733213873155,1.86278874531662,4.329404736712041,4.455311516495465,4.586702730179448
258,stairwell,stair,well,4.800263619272104,4.310247470264269,1.7794321290210646,4.185083853324101,4.514594151430264,4.558373327771913
259,stalemate,stale,mate,4.903380074091102,5.388496533235507,2.1057428409640435,4.992862239350635,4.174367543250459,4.733591217838633
260,stingray,sting,ray,4.919867309827165,5.402425327583621,2.047684920608474,5.001952811024608,4.168031726473442,4.743302158809804
261,stovepipe,stove,pipe,4.9216427686678745,5.400786129137588,2.0389310623478014,5.000615128390557,4.168365941636691,4.7440772832017455
262,striptease,strip,tease,4.913812375519982,5.424611377249129,2.0551972910728216,5.025661254670874,4.168719281515675,4.752369531258744
263,sunbeam,sun,beam,4.871167671328997,5.459554489061128,2.030802794318273,5.099354471071592,4.2089210338510386,4.80017200266647
264,sunburn,sun,burn,4.868833095333329,5.452756212904504,2.0352403151793963,5.094493637006501,4.211368202159273,4.798362788958906
265,sundown,sun,down,4.781062427933793,4.569854945029704,1.7802118593874163,4.433656811429585,4.490695212860607,4.653696120086125
266,sunlight,sun,light,4.718558213168007,5.1536471436013755,2.414013701299641,4.8871522510710195,4.327535549685031,4.698826403819644
267,sunrise,sun,rise,4.839610481010556,5.351915363213566,2.080197999474911,5.021649682130005,4.246701729404887,4.773792549959643
268,sunroof,sun,roof,4.866915768131733,5.430333836941407,2.0275606091296106,5.077668099518964,4.218406364030498,4.794819460556299
269,sunset,sun,set,4.773753267691969,5.000237420654727,2.097845892649977,4.762663261139633,4.363483771775563,4.703218115987017
270,sunshine,sun,shine,4.737549030350621,5.347968908634442,2.471406104353233,5.032643705423708,4.266115625171304,4.730529670998026
271,sunspot,sun,spot,4.9222669019266805,5.400516934553142,2.048184413852758,4.9980271308418285,4.165936991430111,4.740883023705575
272,sunstroke,sun,stroke,4.872292036067921,5.456441833874016,2.0243705681881554,5.096827999412613,4.209649618536712,4.800262982196005
273,suntan,sun,tan,4.868351003006643,5.4621237953795845,2.0434003384743558,5.101699010219761,4.208657065496249,4.799305278669316
274,surfboard,surf,board,4.910254135296619,5.291301314353871,2.016985594879309,4.917236927812651,4.201528686521776,4.723691396219226
275,swimsuit,swim,suit,4.904110994073957,5.371182019725261,2.067859075284437,4.984108912353816,4.1841489266295655,4.738550944455706
276,tapeworm,tape,worm,4.904033990638839,5.43753203139165,2.0368743293691796,5.049409103171515,4.1797174184320784,4.768563482690384
277,teamwork,team,work,4.7307736944479855,4.628051961150277,1.8490814630633152,4.516785606495617,4.515574599575332,4.68722543742181
278,tearoom,tea,room,4.856969215820441,5.16845892849234,1.9544289015388492,4.866923087975706,4.285304726337044,4.7399842758807
279,telltale,tell,tale,4.787452914550584,5.539364626296322,1.979855627611522,5.25462254285446,4.286637635768976,4.898445868297243
280,textbook,text,book,4.827641485010788,5.1876112363885625,2.1016836513616504,4.881431200366915,4.280533853111171,4.723904498942057
281,throwback,throw,back,4.808381822341276,4.4723210338588775,1.788726949185031,4.320751644099381,4.478589126043485,4.601339785981323
282,tightrope,tight,rope,4.901443775982065,5.4147622948929035,2.064020327865966,5.026114280210399,4.180406894932207,4.755312960766759
283,tiptoe,tip,toe,4.899876091484284,5.413884609079126,2.0892329648159422,5.0218288819868135,4.1769497160814355,4.748839347579547
284,toadstool,toad,stool,4.922273584942907,5.41295750008494,2.0515698351923373,5.0084685592527185,4.163224110695553,4.743837990158549
285,toenail,toe,nail,4.9218578114398674,5.416484787585942,2.047547401803296,5.012765409688605,4.163864647946241,4.7464066482689455
286,tombstone,tomb,stone,4.908159088775295,5.340255665051437,2.0500372298383693,4.956376474977774,4.188895197207624,4.73109376519476
287,torchlight,torch,light,4.891800394348487,5.214430919163546,2.021596099391828,4.864075990522669,4.2307989054529065,4.710873137205125
288,touchdown,touch,down,4.7949569353558825,4.5415784135938395,1.8152961377557912,4.389305749678629,4.474846559185672,4.624930910970885
289,touchstone,touch,stone,4.8819280682592305,5.367943022121202,2.0353897687636815,5.007164462066929,4.212544927859254,4.762354580843545
290,trademark,trade,mark,4.809378012356637,5.379674595980934,2.0276696705106803,5.0833939513547195,4.281850877502592,4.818810780859412
291,treadmill,tread,mill,4.912803007994979,5.383619748264672,2.0648107895838956,4.9881027930532005,4.1744011294038295,4.737317609387414
292,tugboat,tug,boat,4.919238166804894,5.373318814534827,2.0316499870878926,4.979640926184887,4.17661075437777,4.73916099498622
293,viewpoint,view,point,4.695294798428456,5.069124144751772,2.1914690379280692,4.875482987751014,4.40865797169126,4.752589235680857
294,vineyard,vine,yard,4.900399811954029,5.374472580569829,2.1078129202812863,4.982583143258833,4.179087750849463,4.730628494186739
295,waistband,waist,band,4.90116175845668,5.353607551153916,2.0683549541240196,4.970938616685986,4.189734870941478,4.7348976821507
296,waistcoat,waist,coat,4.890960640475306,5.372386940364278,2.1203506925117495,4.986650272346363,4.185949765244029,4.732916256997784
297,waistline,waist,line,4.8951941739824845,5.212052930594015,1.996190339000481,4.863875491354213,4.233071016254595,4.715100598730273
298,wartime,war,time,4.545415596674756,3.9986035159838,1.9415410809384797,4.101206374418947,4.777056659187468,4.59029821133397
299,wasteland,waste,land,4.909787931160242,5.407177272933234,2.1022648745857033,5.0045349460635835,4.1658853493586125,4.736048612015691
300,wedlock,wed,lock,4.917608539736254,5.396408150390649,2.0527773509307257,4.9975949800546475,4.1701466291480696,4.741498137904823
301,weekday,week,day,4.706866065969656,4.967013708481386,1.873816737505166,4.8357094758513695,4.478452196387978,4.804020988313523
302,weekend,week,end,4.072041215998271,4.530577016677941,4.0301499571027914,4.590182654347053,4.7222023228598395,4.484598544338696
303,werewolf,were,wolf,3.500580633048407,6.867824335664977,1.3499961824526587,7.702376241107219,5.433759138689083,6.396977102538376
304,whatnot,what,not,3.3866188601667124,2.2056393100924643,0.2843313194922663,3.8487186853367,6.516319307884444,5.308496867770431
305,whetstone,whet,stone,4.91686405653534,5.343019889672725,2.0309014951804194,4.954845171230567,4.183963662929115,4.731438999348403
306,whirlpool,whirl,pool,4.9093978994615,5.368952106775065,2.075286600513348,4.97599498160313,4.177931871168278,4.732017393187942
307,whirlwind,whirl,wind,4.90228666498807,5.336260254644846,2.080744424535676,4.952055402676797,4.188964623383186,4.725042192475141
308,wholesale,whole,sale,4.850362478218998,5.351022727314245,2.2927618754961467,4.970097755413743,4.193487324195064,4.704586572701085
309,wingspan,wing,span,4.912845242291216,5.413650725461056,2.041226572336465,5.019444723271593,4.174256969658576,4.753611208677856
310,wisecrack,wise,crack,4.915174850796037,5.4145876696310475,2.0378214721181775,5.018878068545476,4.172557737400701,4.7532700504839935
311,wishbone,wish,bone,4.871585128011359,5.45159025990051,2.0171256771815926,5.094529101974847,4.212583275780428,4.801313363570551
312,witchcraft,witch,craft,4.889759307433143,5.3772044731558175,2.14609087507758,4.987021410501589,4.18110886087792,4.727837948271356
313,wordplay,word,play,4.8201101109736,5.305844592737658,1.9499800033423194,5.023059595170146,4.299271654573132,4.810422375086022
314,wristwatch,wrist,watch,4.905648255624643,5.3304729160411695,2.0435713408697405,4.951122888075689,4.194204007431616,4.73161394505197
315,yardstick,yards,tick,4.891820627384154,5.38148207735459,2.082109043394192,5.001424406581501,4.1913893379929394,4.746249646213174
316,yearbook,year,book,4.571660385166583,5.516197292408725,1.841509613644544,5.451916548790983,4.525574742501636,5.081338657104436
