,Compound,left,right,predr_TRAN,predr_LMD,predr_glove_TRAN,predr_glove_LMD
0,aircraft,air,craft,4.659536573493501,5.3219547170682535,1.9082948939653748,5.041603493040181
1,airfield,air,field,4.4995203709683205,5.35041709872763,1.8761387886785923,5.041603493040181
2,airflow,air,flow,5.481356356351877,5.175776092992605,2.073443941670067,5.041603493040181
3,airlift,air,lift,4.769422402728121,5.302409118802099,1.9303770346400844,5.041603493040181
4,airline,air,line,3.944777303182838,5.449090287248769,1.7646602245499652,5.041603493040181
5,airmail,air,mail,5.24632140664357,5.217582199726312,2.026212420926381,5.041603493040181
6,airplane,air,plane,5.24837814997764,5.217216362937125,2.026625734416856,5.041603493040181
7,airport,air,port,4.935985466659172,5.272782234641948,1.9638487664780722,5.041603493040181
8,airspace,air,space,3.214934139543376,5.578908857788364,1.6179943667026269,5.041603493040181
9,airstrip,air,strip,4.638661646683724,5.325667779399413,1.9040999666157934,5.041603493040181
10,anchorman,anchor,man,3.895961953448105,5.457773164939028,1.7548505209017726,5.041603493040181
11,backache,back,ache,5.736557298500699,5.130383023411859,2.124727925638705,5.041603493040181
12,backbone,back,bone,5.518186755345833,5.1692250009388605,2.080845205849034,5.041603493040181
13,backdrop,back,drop,4.104583286306911,5.420665297708016,1.79677408513222,5.041603493040181
14,backfire,back,fire,4.6194566114140265,5.32908381499457,1.9002406128352187,5.041603493040181
15,background,back,ground,4.347294670992376,5.377493769106676,1.8455482262322027,5.041603493040181
16,backhand,back,hand,5.3468849172582384,5.199694779734133,2.0464211921901843,5.041603493040181
17,backlash,back,lash,4.737024526900457,5.308171789657976,1.9238665095198642,5.041603493040181
18,backlog,back,log,3.6842575496662597,5.495429423769827,1.7123073972039502,5.041603493040181
19,backpack,back,pack,5.79471805291354,5.120037861087218,2.1364156379637347,5.041603493040181
20,backseat,back,seat,2.9268845021534213,5.630144786318463,1.560109263059617,5.041603493040181
21,backside,back,side,5.089789034582262,5.245424905935738,1.9947564098639938,5.041603493040181
22,backstage,back,stage,5.736351487895421,5.13041963132971,2.124686566905101,5.041603493040181
23,backstroke,back,stroke,4.541968818326918,5.342866713888456,1.8846690294978539,5.041603493040181
24,backwash,back,wash,4.668888591365352,5.320291256132714,1.9101742315985986,5.041603493040181
25,backwater,back,water,3.868625295071914,5.462635587566966,1.7493570742941063,5.041603493040181
26,backyard,back,yard,5.685172702956786,5.139522897666489,2.114401918407226,5.041603493040181
27,bagpipe,bag,pipe,4.616929128925333,5.329533383038902,1.89973270181287,5.041603493040181
28,banknote,bank,note,4.60068043173858,5.332423569241916,1.8964674398627368,5.041603493040181
29,bankroll,bank,roll,4.249595955827262,5.394871622566376,1.8259151508207399,5.041603493040181
30,basketball,basket,ball,4.869324473728592,5.284639350312998,1.9504528861023966,5.041603493040181
31,batman,bat,man,4.985138730554198,5.2640392515270715,1.973726375770473,5.041603493040181
32,bearskin,bear,skin,3.11454954587943,5.5967644534874,1.5978215497497887,5.041603493040181
33,beefsteak,beef,steak,5.511903740330331,5.170342572587986,2.0795826006305083,5.041603493040181
34,beehive,bee,hive,5.49218884786302,5.173849297437863,2.075620788339677,5.041603493040181
35,beeline,bee,line,3.5421558076318176,5.520705326787274,1.6837512978453513,5.041603493040181
36,beetroot,beet,root,4.905154917748627,5.278266122123417,1.957653204021447,5.041603493040181
37,bellboy,bell,boy,4.090782873603783,5.423120002964201,1.7940008189449224,5.041603493040181
38,bellhop,bell,hop,3.4648725025112386,5.53445185302354,1.6682208074503126,5.041603493040181
39,bittersweet,bitter,sweet,5.7587411166321045,5.12643714612972,2.1291858816471536,5.041603493040181
40,blindfold,blind,fold,4.564680730038683,5.3388269036120395,1.8892331087144738,5.041603493040181
41,boardroom,board,room,4.1403025885921005,5.414311838506984,1.8039520685296964,5.041603493040181
42,boardwalk,board,walk,4.591330417864832,5.334086673722559,1.8945885049435693,5.041603493040181
43,bodyguard,body,guard,5.478837931934613,5.176224049860805,2.072937850915254,5.041603493040181
44,borderline,border,line,5.211304024734279,5.22381080703536,2.019175492154337,5.041603493040181
45,bottleneck,bottle,neck,4.510521318560084,5.348460339574304,1.8783494874917919,5.041603493040181
46,boyfriend,boy,friend,5.156939283609946,5.233480765366301,2.0082506088494254,5.041603493040181
47,briefcase,brief,case,3.9831395182475093,5.442266728201378,1.772369315299445,5.041603493040181
48,broomstick,broom,stick,5.856867805632303,5.1089831681623625,2.1489049606725246,5.041603493040181
49,brownstone,brown,stone,4.8258454102250825,5.29237305277625,1.9417155374981543,5.041603493040181
50,businessman,business,man,5.684611904127369,5.139622648004674,2.1142892229056525,5.041603493040181
51,busybody,busy,body,4.533952785831062,5.344292540602817,1.8830581652175415,5.041603493040181
52,buttonhole,button,hole,5.044866651564309,5.253415334344414,1.9857290185419734,5.041603493040181
53,calfskin,calf,skin,4.623428615816027,5.328377307131876,1.9010388082037795,5.041603493040181
54,campfire,camp,fire,5.803357128419923,5.118501212545592,2.1381517060442152,5.041603493040181
55,campground,camp,ground,5.554989899965575,5.162678756671705,2.0882409931168318,5.041603493040181
56,campsite,camp,site,5.6779787906431025,5.140802492324186,2.112956263541455,5.041603493040181
57,cannonball,cannon,ball,5.278206940315971,5.211910660129227,2.0326199881709144,5.041603493040181
58,carryall,carry,all,4.87377367015911,5.283847963410393,1.951346975742093,5.041603493040181
59,cartwheel,cart,wheel,4.031951180625731,5.4335845063881285,1.7821782779537736,5.041603493040181
60,castaway,cast,away,5.109169419686056,5.241977680537153,1.9986510011245129,5.041603493040181
61,chambermaid,chamber,maid,4.446860070311379,5.359783885040157,1.8655564217330216,5.041603493040181
62,cheapskate,cheap,skate,3.2470216361446953,5.573201394666828,1.6244425194697751,5.041603493040181
63,cheekbone,cheek,bone,5.652508696180915,5.145332905732597,2.107837912860301,5.041603493040181
64,chestnut,chest,nut,4.167981249284716,5.409388583286441,1.8095142423182462,5.041603493040181
65,chickenpox,chicken,pox,3.870575145147118,5.462288764081949,1.749748907016807,5.041603493040181
66,choirboy,choir,boy,5.203288192638233,5.225236598104232,2.0175646681454302,5.041603493040181
67,chopstick,chop,stick,4.161209178571919,5.410593144188463,1.8081533587613705,5.041603493040181
68,clambake,clam,bake,4.630144574581912,5.327182726966951,1.902388415767073,5.041603493040181
69,clamshell,clam,shell,2.6877867669290043,5.672673548321668,1.5120613040006101,5.041603493040181
70,claptrap,clap,trap,3.7730834429861444,5.479629795750859,1.7301574319673814,5.041603493040181
71,classmate,class,mate,5.5197141225407576,5.168953325275084,2.0811521383943417,5.041603493040181
72,classroom,class,room,5.60080855109555,5.154528907375201,2.097448494273485,5.041603493040181
73,clergyman,clergy,man,5.228247027104135,5.2207971234689685,2.0225802784164877,5.041603493040181
74,cliffhanger,cliff,hanger,4.702841369321889,5.314252011922785,1.9169972225552634,5.041603493040181
75,clipboard,clip,board,5.247376070765729,5.217394604643479,2.0264243612800397,5.041603493040181
76,cloakroom,cloak,room,4.808551988746766,5.295449066045811,1.9382403326560822,5.041603493040181
77,cloverleaf,clover,leaf,5.197803610547315,5.226212150993566,2.0164625122612985,5.041603493040181
78,coachman,coach,man,4.545976734374942,5.34215381835402,1.8854744415023073,5.041603493040181
79,coastline,coast,line,5.224330212809918,5.221493814563818,2.0217931737930437,5.041603493040181
80,cobweb,cob,web,3.9956479934529683,5.44004182228775,1.7748829597887932,5.041603493040181
81,codfish,cod,fish,4.760690822669259,5.303962221301738,1.9286223772787554,5.041603493040181
82,coffeepot,coffee,pot,5.686200152784693,5.139340143241148,2.1146083899039976,5.041603493040181
83,collarbone,collar,bone,5.395780346757206,5.190997658106217,2.0562469882920746,5.041603493040181
84,commonplace,common,place,5.2790181587484595,5.211766367187199,2.0327830068209884,5.041603493040181
85,commonwealth,common,wealth,4.445776829176258,5.359976563169812,1.865338738676917,5.041603493040181
86,congressman,congress,man,5.215962077847193,5.222982270403461,2.0201115526530025,5.041603493040181
87,corkscrew,cork,screw,3.169898009593041,5.586919518576956,1.6089441173307588,5.041603493040181
88,cottontail,cotton,tail,4.285456980858363,5.388492954875078,1.8331216141562923,5.041603493040181
89,countdown,count,down,5.606040228625746,5.153598339093781,2.098499827643685,5.041603493040181
90,crossfire,cross,fire,4.969580330554338,5.266806653276501,1.9705998327042447,5.041603493040181
91,crossover,cross,over,5.364943986252159,5.196482579306886,2.0500502579646853,5.041603493040181
92,crossroad,cross,road,5.549228285176765,5.163703585885908,2.0870831660415283,5.041603493040181
93,crosswalk,cross,walk,5.381436570008166,5.19354901254299,2.0533645302154957,5.041603493040181
94,crosswind,cross,wind,5.157196156086913,5.233435074977692,2.0083022287371883,5.041603493040181
95,crossword,cross,word,4.850584366019017,5.28797268837221,1.9466869619829317,5.041603493040181
96,crybaby,cry,baby,5.384200844912826,5.193057325788109,2.0539200259307613,5.041603493040181
97,cupboard,cup,board,3.829690537748937,5.469560985778235,1.741532928138682,5.041603493040181
98,cupcake,cup,cake,5.048121425044895,5.252836401689112,1.9863830825497097,5.041603493040181
99,curbside,curb,side,5.555991658537789,5.162500571998136,2.0884423018193985,5.041603493040181
100,daredevil,dare,devil,5.014912170464896,5.258743394003409,1.9797095065622907,5.041603493040181
101,darkroom,dark,room,5.495871715418579,5.17319421888761,2.0763608801241644,5.041603493040181
102,dartboard,dart,board,5.285400531989957,5.210631122504314,2.034065578602436,5.041603493040181
103,dashboard,dash,board,4.050115619839959,5.4303535635624325,1.785828518433366,5.041603493040181
104,dateline,date,line,4.033135343105369,5.433373877189895,1.782416241689764,5.041603493040181
105,dimwit,dim,wit,4.672896667733224,5.319578332081887,1.9109796758201765,5.041603493040181
106,dipstick,dip,stick,4.4583018173260935,5.357748720067837,1.8678557015300907,5.041603493040181
107,dockyard,dock,yard,4.650287480964269,5.323599870480318,1.9064362397260932,5.041603493040181
108,dovetail,dove,tail,3.8651312442177117,5.463257080936889,1.7486549262280227,5.041603493040181
109,drainpipe,drain,pipe,5.5944319894485535,5.155663118338886,2.096167090362801,5.041603493040181
110,drawback,draw,back,3.9618112469866524,5.446060427759182,1.7680832859760003,5.041603493040181
111,drawbridge,draw,bridge,4.0590051149494135,5.4287723724169625,1.787614909662348,5.041603493040181
112,drawstring,draw,string,4.546667793081117,5.342030898447574,1.8856133134175534,5.041603493040181
113,driftwood,drift,wood,4.922155715423802,5.275242158397815,1.9610696045569873,5.041603493040181
114,dropout,drop,out,5.103864035105596,5.242921359229659,1.997584855931314,5.041603493040181
115,drugstore,drug,store,5.847193344465522,5.110703982690719,2.1469608263476085,5.041603493040181
116,eyeball,eye,ball,5.504252074769738,5.171703588673099,2.07804495781995,5.041603493040181
117,eyebrow,eye,brow,4.849826053136473,5.288107570904976,1.946534574983949,5.041603493040181
118,eyelash,eye,lash,4.371342608160098,5.373216317479985,1.8503807868560154,5.041603493040181
119,eyelid,eye,lid,5.466904924824691,5.178346596186407,2.0705398497943723,5.041603493040181
120,eyesight,eye,sight,5.612428734101441,5.152462003658914,2.099783631730145,5.041603493040181
121,eyesore,eye,sore,3.1446095174390347,5.591417630042662,1.6038622605974058,5.041603493040181
122,eyestrain,eye,strain,5.578703890889251,5.1584607046889355,2.0930064454702677,5.041603493040181
123,eyewash,eye,wash,5.662257746157126,5.143598823953,2.1097970362024006,5.041603493040181
124,eyewitness,eye,witness,5.145458578872091,5.235522859821805,2.0059435002910977,5.041603493040181
125,fallout,fall,out,4.6240636026552515,5.32826436083343,1.9011664121797245,5.041603493040181
126,feedback,feed,back,4.166244825007585,5.409697444325001,1.8091652986425633,5.041603493040181
127,ferryman,ferry,man,4.349584840025597,5.377086412451167,1.84600844785598,5.041603493040181
128,figurehead,figure,head,4.3550695824363626,5.37611083104544,1.847110635957236,5.041603493040181
129,fireball,fire,ball,5.3686990378194235,5.195814661251267,2.0508048555094884,5.041603493040181
130,firefly,fire,fly,4.414946119945864,5.365460479167672,1.859143144003167,5.041603493040181
131,firelight,fire,light,4.841566454711059,5.289576721147435,1.944874764837209,5.041603493040181
132,fireplace,fire,place,5.525202993187618,5.1679770095722715,2.0822551560865543,5.041603493040181
133,firepower,fire,power,4.665214541401451,5.320944766281424,1.9094359117559596,5.041603493040181
134,fireside,fire,side,4.709302619928758,5.313102737175182,1.9182956451619746,5.041603493040181
135,firewood,fire,wood,5.771665180964366,5.124138318599694,2.1317830409775405,5.041603493040181
136,flapjack,flap,jack,3.5049525447506364,5.527322740839026,1.676275104689031,5.041603493040181
137,folklore,folk,lore,4.5259367533352055,5.345718367317178,1.8814473009372292,5.041603493040181
138,folktale,folk,tale,4.862608514962707,5.2858339304779225,1.949103278539103,5.041603493040181
139,foothill,foot,hill,3.8044974359046804,5.4740421299908775,1.7364702405944186,5.041603493040181
140,foothold,foot,hold,4.472193211543142,5.355277831759359,1.8706472509355538,5.041603493040181
141,footnote,foot,note,3.8846573600636276,5.459783934138244,1.7525788028547309,5.041603493040181
142,footpath,foot,path,4.811634899349956,5.294900702962416,1.9388598599063327,5.041603493040181
143,footprint,foot,print,5.479189874081634,5.176161449251914,2.0730085755578576,5.041603493040181
144,footrace,foot,race,5.067529946282071,5.249384171663783,1.9902833279155825,5.041603493040181
145,footstep,foot,step,5.451025484328577,5.181171102010226,2.0673487919362916,5.041603493040181
146,footstool,foot,stool,5.7777674353508885,5.123052899182216,2.133009321388169,5.041603493040181
147,footwear,foot,wear,5.574392008408817,5.159227667302044,2.092139949797723,5.041603493040181
148,footwork,foot,work,4.720871099783567,5.31104502999522,1.9206203925959773,5.041603493040181
149,framework,frame,work,4.5125768194153295,5.3480947237871534,1.878762551299552,5.041603493040181
150,freshman,fresh,man,4.188854051856502,5.4056758987974725,1.813708742790928,5.041603493040181
151,freshwater,fresh,water,5.696921622800876,5.137433095287662,2.1167629262148764,5.041603493040181
152,frostbite,frost,bite,4.563284063600101,5.339075331287478,1.8889524411799314,5.041603493040181
153,fruitcake,fruit,cake,5.5957634057088725,5.155426296834872,2.096434645527664,5.041603493040181
154,gallbladder,gall,bladder,4.366998902189772,5.373988940596847,1.8495078960842535,5.041603493040181
155,gallstone,gall,stone,4.805065112205776,5.2960692833072045,1.937539626306321,5.041603493040181
156,gangplank,gang,plank,3.433471495500416,5.540037208955793,1.6619106084103616,5.041603493040181
157,gangway,gang,way,3.561851181157595,5.517202073808086,1.6877091877012722,5.041603493040181
158,gentleman,gentle,man,4.92998597729542,5.273849375052342,1.9626431372442616,5.041603493040181
159,getaway,get,away,5.366233799511839,5.1962531578065185,2.0503094527857346,5.041603493040181
160,gingerbread,ginger,bread,4.878458296286883,5.28301470018657,1.9522883762291479,5.041603493040181
161,girlfriend,girl,friend,5.1191203123513,5.2402076966203985,2.0006506858263835,5.041603493040181
162,goalpost,goal,post,4.976836326729282,5.265516015646116,1.972057963651486,5.041603493040181
163,goatherd,goat,herd,4.663647414884144,5.3212235140103425,1.9091209893637704,5.041603493040181
164,grapefruit,grape,fruit,3.830189733676637,5.469472192863562,1.741633244210158,5.041603493040181
165,grapevine,grape,vine,5.430741777039435,5.184779003017875,2.0632726732876607,5.041603493040181
166,greasepaint,grease,paint,4.233461326212586,5.397741519356693,1.822672811354703,5.041603493040181
167,guardrail,guard,rail,5.201570285303582,5.225542165499549,2.0172194455476298,5.041603493040181
168,guidebook,guide,book,5.5392403987065215,5.165480149960048,2.085076047238174,5.041603493040181
169,hailstone,hail,stone,4.965480350833419,5.2675359243488735,1.9697759200160352,5.041603493040181
170,hailstorm,hail,storm,5.7521670409319805,5.127606489287986,2.127864786239061,5.041603493040181
171,hallmark,hall,mark,3.6673818415527353,5.4984311375808,1.708916134079817,5.041603493040181
172,hallway,hall,way,5.075751629063357,5.247921765547961,1.9919355187123737,5.041603493040181
173,hamstring,ham,string,3.1724672954821833,5.586462514883487,1.6094604289683265,5.041603493040181
174,handbag,hand,bag,5.10966540921679,5.241889457950315,1.9987506728534985,5.041603493040181
175,handbook,hand,book,4.848631950826239,5.288319968119494,1.9462946137862382,5.041603493040181
176,handcart,hand,cart,4.58118217146631,5.335891761317502,1.8925491609614138,5.041603493040181
177,handcuff,hand,cuff,5.206241444564096,5.224711297652629,2.018158139796225,5.041603493040181
178,handgun,hand,gun,5.492994254701007,5.173706038215034,2.0757826391189873,5.041603493040181
179,handlebar,handle,bar,5.238126978236497,5.219039758055544,2.0245657070407583,5.041603493040181
180,handmaiden,hand,maiden,3.5814884387383574,5.513709158020891,1.6916553988495546,5.041603493040181
181,handout,hand,out,4.843904479219003,5.289160852349001,1.9453446032726553,5.041603493040181
182,handrail,hand,rail,5.514224370134732,5.169929797818051,2.0800489435079443,5.041603493040181
183,handsaw,hand,saw,5.1942702412503134,5.2268406380085555,2.0157524629454264,5.041603493040181
184,handshake,hand,shake,2.8826583080767882,5.638011382296159,1.5512217746008272,5.041603493040181
185,handstand,hand,stand,5.072974167851174,5.248415797776059,1.991377373138616,5.041603493040181
186,hatpin,hat,pin,4.352864262682864,5.37650309540064,1.8466674652466115,5.041603493040181
187,headache,head,ache,5.951939680082729,5.092072555780754,2.168010158498717,5.041603493040181
188,headband,head,band,5.391874875092258,5.191692331666354,2.0554621630301897,5.041603493040181
189,headboard,head,board,4.655425892422706,5.322685891609773,1.907468830784104,5.041603493040181
190,headdress,head,dress,4.697707967858712,5.31516509965609,1.915965638282394,5.041603493040181
191,headgear,head,gear,5.290705636010683,5.209687493715493,2.0351316674156665,5.041603493040181
192,headlight,head,light,4.89207249748619,5.280593116719349,1.9550242222263148,5.041603493040181
193,headline,head,line,4.201186215308773,5.403482353785622,1.8161869564975843,5.041603493040181
194,headmaster,head,master,4.804386879087467,5.296189921902314,1.9374033317610366,5.041603493040181
195,headmistress,head,mistress,4.66678920295163,5.320664678282094,1.9097523483530012,5.041603493040181
196,headpiece,head,piece,4.6281406165579,5.327539174734169,1.9019857097648463,5.041603493040181
197,headrest,head,rest,5.254569983079412,5.216115009985783,2.0278700161458105,5.041603493040181
198,headset,head,set,4.490189795876181,5.352076745595778,1.874263760085773,5.041603493040181
199,headstone,head,stone,4.842282282833798,5.289449395458471,1.9450186142981933,5.041603493040181
200,headway,head,way,3.7225156369894488,5.488624386118849,1.719995562931054,5.041603493040181
201,heatstroke,heat,stroke,5.2950386005511705,5.208916781196875,2.036002399640086,5.041603493040181
202,hedgehog,hedge,hog,3.700700554509174,5.492504675700066,1.7156117063090024,5.041603493040181
203,heirloom,heir,loom,3.789922918813949,5.476634526644411,1.7335414140213732,5.041603493040181
204,hellfire,hell,fire,4.846576449970994,5.288685583906646,1.9458815499784783,5.041603493040181
205,hemline,hem,line,4.550986729634876,5.34126268111323,1.8864812266435769,5.041603493040181
206,herringbone,herring,bone,3.6882654657142826,5.494716528235391,1.7131128092084036,5.041603493040181
207,hideaway,hide,away,5.51242085200108,5.17025059296654,2.0796865169656495,5.041603493040181
208,hideout,hide,out,5.045640274992366,5.25327772849624,1.9858844822763477,5.041603493040181
209,hogwash,hog,wash,3.3430362313831923,5.556123098772894,1.64373716204243,5.041603493040181
210,hookworm,hook,worm,4.109971676488838,5.419706854653704,1.7978569107416393,5.041603493040181
211,hopscotch,hop,scotch,3.9741693020944266,5.443862277350071,1.770566702748267,5.041603493040181
212,hourglass,hour,glass,4.536213616332041,5.3438904024469895,1.8835124911075314,5.041603493040181
213,hovercraft,hover,craft,5.104526997758353,5.242803436820861,1.997718081795488,5.041603493040181
214,hubcap,hub,cap,4.216129508130598,5.4008243623020675,1.8191898905113084,5.041603493040181
215,humankind,human,kind,4.51565989033837,5.347546332187367,1.879382110766927,5.041603493040181
216,hunchback,hunch,back,5.392665933303821,5.1915516246605815,2.055621130376856,5.041603493040181
217,jailbreak,jail,break,5.132862007909982,5.237763435492676,2.0034121524918254,5.041603493040181
218,jawbone,jaw,bone,5.609123459868634,5.153049918977604,2.0991194193281846,5.041603493040181
219,jellyfish,jelly,fish,4.727481728409107,5.309869185099645,1.9219488335084607,5.041603493040181
220,jigsaw,jig,saw,3.901465012401541,5.456794325535549,1.7559563898095054,5.041603493040181
221,joyride,joy,ride,5.1340068920267825,5.23755979281041,2.0036422230323083,5.041603493040181
222,joystick,joy,stick,4.591874743829834,5.333989853443621,1.894697890135598,5.041603493040181
223,keepsake,keep,sake,4.765034528639584,5.303189598184876,1.929495268050517,5.041603493040181
224,killjoy,kill,joy,4.60501343635903,5.3316528495941995,1.8973381801414368,5.041603493040181
225,kneecap,knee,cap,5.100416316687559,5.243534611362379,1.996892018614217,5.041603493040181
226,knockout,knock,out,4.51565989033837,5.347546332187367,1.879382110766927,5.041603493040181
227,knothole,knot,hole,4.151189188052051,5.412375418670043,1.8061397884788315,5.041603493040181
228,lamplight,lamp,light,5.64960706724621,5.145849023906071,2.1072548151236026,5.041603493040181
229,lamppost,lamp,post,5.498877912974351,5.172659500897646,2.076964991480332,5.041603493040181
230,lampshade,lamp,shade,4.856596440490861,5.286903309425067,1.9478951202610175,5.041603493040181
231,leapfrog,leap,frog,4.734558086194012,5.308610500086166,1.9233708651676766,5.041603493040181
232,letdown,let,down,5.1605362598067686,5.232840964472905,2.0089734403094512,5.041603493040181
233,lineman,line,man,4.129691659111332,5.416199224408389,1.8018197459261742,5.041603493040181
234,lipstick,lip,stick,5.240696183965715,5.218582768620271,2.0250820025697633,5.041603493040181
235,livestock,live,stock,4.472496857335856,5.355223821713469,1.8707082701693958,5.041603493040181
236,logbook,log,book,5.020716911292904,5.257710893879839,1.9808760000440901,5.041603493040181
237,loincloth,loin,cloth,4.454442798337196,5.3584351310034775,1.867080211180036,5.041603493040181
238,lookout,look,out,5.5956569533295895,5.155445231718964,2.096413253356982,5.041603493040181
239,loophole,loop,hole,3.9204043175226513,5.453425555859644,1.759762343706187,5.041603493040181
240,lunchroom,lunch,room,5.9536126176999264,5.091774987233309,2.1683463441930897,5.041603493040181
241,lunchtime,lunch,time,6.083711373010656,5.068634077946444,2.194490379655954,5.041603493040181
242,maidservant,maid,servant,5.088139303263109,5.245718346735483,1.9944248875983954,5.041603493040181
243,makeshift,make,shift,4.358936857897449,5.3754229515156275,1.8478877854892037,5.041603493040181
244,marketplace,market,place,5.699186581537949,5.137030222834748,2.117218081695823,5.041603493040181
245,masthead,mast,head,3.854597388504023,5.4651307575829815,1.7465380920071139,5.041603493040181
246,mealtime,meal,time,5.74473184724658,5.128929001115199,2.126370644600887,5.041603493040181
247,meantime,mean,time,3.77633316639151,5.479051761361895,1.7308104811356957,5.041603493040181
248,meanwhile,mean,while,3.8756394487556705,5.4613879669134695,1.750766605709008,5.041603493040181
249,meatball,meat,ball,5.452108885783547,5.18097839536418,2.067566507209521,5.041603493040181
250,milestone,mile,stone,4.205297056699417,5.4027511507277115,1.8170130518959802,5.041603493040181
251,molehill,mole,hill,4.553992766870799,5.340727991639659,1.8870853057826196,5.041603493040181
252,moleskin,mole,skin,2.8968802417411066,5.635481700317083,1.5540797476627708,5.041603493040181
253,motherland,mother,land,5.205960123310261,5.224761336790974,2.0181016067969724,5.041603493040181
254,muskrat,musk,rat,3.5516853396557195,5.519010291077019,1.6856663078897007,5.041603493040181
255,namesake,name,sake,4.0850571704609955,5.424138444506661,1.7928502085055116,5.041603493040181
256,network,net,work,3.843666460606012,5.4670750622022295,1.7443414640230486,5.041603493040181
257,nickname,nick,name,3.400965083135442,5.545819185408855,1.6553782722968409,5.041603493040181
258,nobleman,noble,man,5.081917810989398,5.246824975219291,1.9931746457014046,5.041603493040181
259,nursemaid,nurse,maid,4.672896667733224,5.319578332081887,1.9109796758201765,5.041603493040181
260,oatmeal,oat,meal,5.198278197378299,5.226127735345021,2.016557883004161,5.041603493040181
261,outback,out,back,5.021210455945951,5.257623106167975,1.9809751804619269,5.041603493040181
262,outfield,out,field,5.4464830218263,5.181979078323706,2.066435959984405,5.041603493040181
263,padlock,pad,lock,4.723572409067799,5.310564543053181,1.9211632350355876,5.041603493040181
264,paintbox,paint,box,4.796219624894684,5.297642646703151,1.93576207867802,5.041603493040181
265,paintbrush,paint,brush,5.806491421534499,5.117943709958657,2.1387815588828745,5.041603493040181
266,passageway,passage,way,5.441763806691252,5.18281849395904,2.065487608652735,5.041603493040181
267,patchwork,patch,work,5.204624137934266,5.224998971012152,2.0178331334440607,5.041603493040181
268,pathway,path,way,5.372196615710289,5.195192540520726,2.0515077123523113,5.041603493040181
269,patrolman,patrol,man,5.355591848140421,5.198146061629719,2.0481708961686182,5.041603493040181
270,pawnshop,pawn,shop,2.936098284236061,5.628505913641671,1.561960821477223,5.041603493040181
271,peacetime,peace,time,5.139888987181604,5.236513533527842,2.004824261276689,5.041603493040181
272,peephole,peep,hole,5.59980342580652,5.154707690892997,2.0972465090113026,5.041603493040181
273,peppermint,pepper,mint,4.408861140022997,5.366542825943943,1.8579203349877056,5.041603493040181
274,pigeonhole,pigeon,hole,3.4357617446935613,5.539629838042088,1.662370846142701,5.041603493040181
275,pillbox,pill,box,5.183464683473687,5.22876264280949,2.0135810287527365,5.041603493040181
276,pillowcase,pillow,case,5.751972572955971,5.1276410796711245,2.1278257068670174,5.041603493040181
277,pipeline,pipe,line,5.313148450857046,5.205695548202554,2.0396416701887787,5.041603493040181
278,pitchfork,pitch,fork,5.060796873372378,5.250581795953522,1.9889302811742464,5.041603493040181
279,pitfall,pit,fall,4.560600469659107,5.339552667168232,1.8884131587325805,5.041603493040181
280,plywood,ply,wood,4.569099786337718,5.338040877791076,1.8901211415347603,5.041603493040181
281,pocketbook,pocket,book,5.138978049803462,5.236675563665512,2.004641203575163,5.041603493040181
282,pocketknife,pocket,knife,5.472440568787298,5.177361960826314,2.071652266832664,5.041603493040181
283,policeman,police,man,2.6977732906805363,5.670897226636857,1.5140681489584056,5.041603493040181
284,ponytail,pony,tail,4.08687904521728,5.4238143842313224,1.7932163239085641,5.041603493040181
285,popcorn,pop,corn,5.1934754956822395,5.226982000891336,2.0155927546048966,5.041603493040181
286,popgun,pop,gun,4.408368837848775,5.366630392653772,1.8578214042525838,5.041603493040181
287,printout,print,out,5.3838984415989355,5.1931111148319635,2.053859256379634,5.041603493040181
288,prizefight,prize,fight,4.50790073031948,5.348926468513119,1.8778228663743777,5.041603493040181
289,puffball,puff,ball,5.2173160992061245,5.2227414280882165,2.020383650432423,5.041603493040181
290,purebred,pure,bred,5.76150511097703,5.125945509278525,2.1297413209824514,5.041603493040181
291,quarterback,quarter,back,4.2978955966899175,5.386280474979135,1.8356212200336306,5.041603493040181
292,railroad,rail,road,5.526852724506771,5.167683568772526,2.0825866783521527,5.041603493040181
293,railway,rail,way,4.905154917748627,5.278266122123417,1.957653204021447,5.041603493040181
294,rattail,rat,tail,5.135152056703317,5.23735610022446,2.003872349952759,5.041603493040181
295,rattlesnake,rattle,snake,5.432745895383295,5.184422526734265,2.063675411507012,5.041603493040181
296,rawhide,raw,hide,4.501272226030852,5.350105492986369,1.8764908332525103,5.041603493040181
297,razorback,razor,back,3.9522207533404274,5.447766306827383,1.7661560253700521,5.041603493040181
298,rooftop,roof,top,5.909386503783217,5.09964156895281,2.1594588718428622,5.041603493040181
299,roommate,room,mate,5.298288484276384,5.208338718291519,2.0366554810255244,5.041603493040181
300,rubberneck,rubber,neck,3.631151559830995,5.5048754856512945,1.7016354666522122,5.041603493040181
301,rubdown,rub,down,4.941432453745659,5.271813368846468,1.9649433674465038,5.041603493040181
302,saddlebag,saddle,bag,4.47969060932969,5.353944255572165,1.872153892818042,5.041603493040181
303,saucepan,sauce,pan,5.301538087441864,5.207760705289849,2.0373085060309952,5.041603493040181
304,scarecrow,scare,crow,4.962483331588965,5.268069009775412,1.9691736530902468,5.041603493040181
305,scatterbrain,scatter,brain,5.053886727190218,5.251810916597901,1.9875416506188772,5.041603493040181
306,scoutmaster,scout,master,4.784634632095498,5.299703291071459,1.9334340128801917,5.041603493040181
307,scrapbook,scrap,book,4.693639811627683,5.315888710224709,1.9151481206934022,5.041603493040181
308,screenplay,screen,play,4.494522760416668,5.351306033077161,1.875134492310192,5.041603493040181
309,seaboard,sea,board,4.04406627100338,5.4314295725706465,1.7846128696738293,5.041603493040181
310,seacoast,sea,coast,5.821424453886031,5.115287543524172,2.141782431000629,5.041603493040181
311,seafood,sea,food,5.854741683883874,5.10936134542006,2.148477705221413,5.041603493040181
312,seafront,sea,front,5.253388145237574,5.216325225696336,2.0276325195581255,5.041603493040181
313,sealskin,seal,skin,3.068362119018362,5.604979897613925,1.588539941152457,5.041603493040181
314,seaman,sea,man,4.926736374129941,5.274427388054012,1.9619901122387906,5.041603493040181
315,seaplane,sea,plane,4.890091906080071,5.280945408222476,1.954626211869987,5.041603493040181
316,seaport,sea,port,5.149180283910905,5.234860873175661,2.0066913966740008,5.041603493040181
317,seashore,sea,shore,5.860177608900827,5.108394447255607,2.149570083208253,5.041603493040181
318,seaside,sea,side,5.633010235508833,5.148801133453673,2.1039195936875728,5.041603493040181
319,seawater,sea,water,5.787913998391005,5.121248111009385,2.135048327090517,5.041603493040181
320,seaweed,sea,weed,5.594384294293679,5.155671601965419,2.0961575057682564,5.041603493040181
321,seesaw,see,saw,3.246050017703965,5.573374218258758,1.6242472675866177,5.041603493040181
322,setback,set,back,4.726336563732573,5.310072877685595,1.92171870658801,5.041603493040181
323,sharkskin,shark,skin,3.1687463519626493,5.58712436607677,1.608712685616765,5.041603493040181
324,shellfish,shell,fish,5.404446315918143,5.189456225939883,2.0579884607951935,5.041603493040181
325,shinbone,shin,bone,5.068557716749675,5.249201360205658,1.9904898638466029,5.041603493040181
326,shindig,shin,dig,3.136498094633429,5.592860424010088,1.6022322271280036,5.041603493040181
327,shotgun,shot,gun,4.431202312085526,5.362568959823346,1.8624099121038715,5.041603493040181
328,shutdown,shut,down,4.9574644786574105,5.268961722546843,1.9681650879528476,5.041603493040181
329,sickbay,sick,bay,3.914717331623233,5.454437110693506,1.758619513702348,5.041603493040181
330,sickbed,sick,bed,4.788081468754371,5.299090195778894,1.934126673003104,5.041603493040181
331,sickroom,sick,room,5.27314187518814,5.212811592750567,2.031602136447372,5.041603493040181
332,signpost,sign,post,5.288539113660477,5.2100728571039,2.0346962932491763,5.041603493040181
333,silkworm,silk,worm,4.583348653736554,5.335506405058193,1.8929845270736232,5.041603493040181
334,singsong,sing,song,5.100416316687559,5.243534611362379,1.996892018614217,5.041603493040181
335,skateboard,skate,board,5.038778144604778,5.254498308481303,1.9845055007497723,5.041603493040181
336,sketchbook,sketch,book,5.848575501957833,5.11045813574873,2.1472385782323817,5.041603493040181
337,skinhead,skin,head,4.0850571704609955,5.424138444506661,1.7928502085055116,5.041603493040181
338,skullcap,skull,cap,4.538269077107325,5.343524793788936,1.8839255468610103,5.041603493040181
339,slapstick,slap,stick,4.516262292168424,5.347439181845535,1.8795031666123132,5.041603493040181
340,slingshot,sling,shot,3.063664587142799,5.605815456407281,1.5875959471868781,5.041603493040181
341,slowpoke,slow,poke,3.7449190532330876,5.484639448509172,1.724497648345815,5.041603493040181
342,snakebite,snake,bite,5.489911344097816,5.174254401298429,2.075163111868737,5.041603493040181
343,snapdragon,snap,dragon,3.400448091704579,5.545911143643007,1.6552743801245429,5.041603493040181
344,snapshot,snap,shot,3.0630181374344194,5.605930441627734,1.5874660396865299,5.041603493040181
345,soapbox,soap,box,4.049987203641456,5.430376405192188,1.785802712516625,5.041603493040181
346,songbird,song,bird,5.110693179684394,5.24170664649219,1.998957208784519,5.041603493040181
347,songbook,song,book,5.321369812998636,5.204233199119516,2.041293796551321,5.041603493040181
348,soundtrack,sound,track,4.547798609131226,5.341829758078681,1.8858405569053596,5.041603493040181
349,sourdough,sour,dough,4.882323407430017,5.282327205628045,1.9530650908299345,5.041603493040181
350,soybean,soy,bean,5.4336938265664365,5.18425391643921,2.0638659033100213,5.041603493040181
351,speedboat,speed,boat,5.672223588648225,5.1418261808827195,2.1117997251511325,5.041603493040181
352,spendthrift,spend,thrift,4.626783108242268,5.3277806372809335,1.9017129112629678,5.041603493040181
353,spillover,spill,over,5.474495749002847,5.176996402071946,2.0720652662061747,5.041603493040181
354,spotlight,spot,light,5.418717988815403,5.18691769675028,2.0608564292200198,5.041603493040181
355,spyglass,spy,glass,4.917575337277398,5.276056878837933,1.960149153255152,5.041603493040181
356,stagecoach,stage,coach,3.914717331623233,5.454437110693506,1.758619513702348,5.041603493040181
357,staircase,stair,case,4.373632937513167,5.372808932308083,1.850841040696917,5.041603493040181
358,stairway,stair,way,5.2794401606691945,5.211691304915132,2.032867810347008,5.041603493040181
359,stairwell,stair,well,4.276791011697426,5.390034387041412,1.8313801416531734,5.041603493040181
360,stalemate,stale,mate,3.3755335055168123,5.55034274775416,1.650267661779853,5.041603493040181
361,stationmaster,station,master,4.871626426270664,5.284229897702698,1.950915475684826,5.041603493040181
362,stingray,sting,ray,4.497308157461344,5.350810589287673,1.8756942326316133,5.041603493040181
363,stomachache,stomach,ache,5.987230407333403,5.085795328023849,2.1751020174680686,5.041603493040181
364,stovepipe,stove,pipe,4.606096677494152,5.331460171464545,1.8975558631975415,5.041603493040181
365,stowaway,stow,away,5.221116721690272,5.222065404248256,2.0211474056948706,5.041603493040181
366,striptease,strip,tease,5.353041279593571,5.198599736034455,2.0476583458803383,5.041603493040181
367,sunbeam,sun,beam,5.518686712792812,5.169136072571328,2.080945674951851,5.041603493040181
368,sunburn,sun,burn,5.7210484373339705,5.133141613596251,2.121611337663953,5.041603493040181
369,sundown,sun,down,5.830608737116581,5.113653917863454,2.1436280614673233,5.041603493040181
370,sunflower,sun,flower,4.688078476409384,5.3168779153365735,1.9140305408609062,5.041603493040181
371,sunlight,sun,light,5.976831260372261,5.087645043771811,2.1730122536860383,5.041603493040181
372,sunrise,sun,rise,5.911264650806261,5.099307499423983,2.1598362954566213,5.041603493040181
373,sunroof,sun,roof,4.82705017380523,5.292158759221682,1.9419576411346455,5.041603493040181
374,sunset,sun,set,5.415711791259632,5.187452414740243,2.0602523178638523,5.041603493040181
375,sunshine,sun,shine,5.921541513803097,5.097479534553794,2.161901485626924,5.041603493040181
376,sunspot,sun,spot,3.0964181325539553,5.599989521936405,1.5941779459978476,5.041603493040181
377,sunstroke,sun,stroke,4.507438247637045,5.349008731174091,1.8777299280244169,5.041603493040181
378,suntan,sun,tan,5.635843367788345,5.148297198908556,2.10448892665782,5.041603493040181
379,superstar,super,star,4.750670832149391,5.305744495783317,1.9266088069962164,5.041603493040181
380,surfboard,surf,board,5.444770004247022,5.1822837759690765,2.0660917200089024,5.041603493040181
381,swimsuit,swim,suit,5.596644363275379,5.155269599262452,2.0966116786269047,5.041603493040181
382,takeoff,take,off,5.014053537437268,5.258896120668285,1.9795369596976395,5.041603493040181
383,takeover,take,over,5.272253262348876,5.212969651980692,2.031423564980435,5.041603493040181
384,tapeworm,tape,worm,4.237993808804306,5.396935318188597,1.8235836377905879,5.041603493040181
385,taxicab,taxi,cab,5.306954453437322,5.206797286125185,2.0383969535286433,5.041603493040181
386,teammate,team,mate,5.645670693930498,5.146549194000708,2.1064637800109667,5.041603493040181
387,teamwork,team,work,5.739786981925025,5.129808553571858,2.125376947666454,5.041603493040181
388,tearoom,tea,room,5.144170288650971,5.2357520104164506,2.005684611532731,5.041603493040181
389,telltale,tell,tale,5.108432188863567,5.24210881316441,1.9985028506774047,5.041603493040181
390,textbook,text,book,5.637898828563629,5.1479315902505025,2.104901982411299,5.041603493040181
391,thoroughbred,thorough,bred,4.509904688343491,5.348570020745901,1.8782255723766044,5.041603493040181
392,throwback,throw,back,4.908635702135381,5.277646988484908,1.9583526861204763,5.041603493040181
393,tightrope,tight,rope,4.841438038512557,5.289599562777191,1.9448489589204678,5.041603493040181
394,tightwad,tight,wad,3.903642516661357,5.456407008774311,1.7563939708490255,5.041603493040181
395,tiptoe,tip,toe,4.981981792261045,5.264600782054336,1.9730919722629754,5.041603493040181
396,toadstool,toad,stool,3.8487235498213894,5.4661755482713765,1.745357712944646,5.041603493040181
397,toenail,toe,nail,5.705289757763602,5.135944639448018,2.118444547354917,5.041603493040181
398,tombstone,tomb,stone,5.601415842680979,5.154420887283422,2.0975705327411687,5.041603493040181
399,torchlight,torch,light,5.501215937482295,5.172243632099213,2.0774348299157785,5.041603493040181
400,tortoiseshell,tortoise,shell,2.784397792083206,5.655489164321492,1.5314758023307629,5.041603493040181
401,touchdown,touch,down,4.948112340545673,5.270625204869676,1.96628572615678,5.041603493040181
402,touchstone,touch,stone,4.284120995482368,5.388730589096256,1.8328531408033808,5.041603493040181
403,trademark,trade,mark,4.235357028259021,5.397404327282974,1.8230537627435972,5.041603493040181
404,treadmill,tread,mill,3.9237095917554594,5.452837640540954,1.7604265561081476,5.041603493040181
405,tugboat,tug,boat,4.755584074380865,5.304870568184922,1.9275961491028375,5.041603493040181
406,tumbleweed,tumble,weed,5.308187072591114,5.206578037847559,2.03864465489052,5.041603493040181
407,turtledove,turtle,dove,3.242350316564333,5.57403229103014,1.6235037930040555,5.041603493040181
408,turtleneck,turtle,neck,3.9795835438518945,5.442899236027597,1.7716547233690152,5.041603493040181
409,viewpoint,view,point,4.909702270006278,5.277457276059991,1.9585670185956308,5.041603493040181
410,vineyard,vine,yard,5.189078002402804,5.227764191257616,2.014709054987858,5.041603493040181
411,waistband,waist,band,4.968982818479658,5.266912933868387,1.9704797594811563,5.041603493040181
412,waistcoat,waist,coat,4.35020147024219,5.376976731279571,1.8461323629711675,5.041603493040181
413,waistline,waist,line,5.064308198690236,5.249957229942393,1.9896359006354971,5.041603493040181
414,wallflower,wall,flower,4.112138158759082,5.419321498394395,1.7982922768538487,5.041603493040181
415,wallpaper,wall,paper,5.646120190705219,5.146469241167464,2.1065541087738415,5.041603493040181
416,wanderlust,wander,lust,4.642297901243385,5.325020991990048,1.9048306912713269,5.041603493040181
417,wartime,war,time,5.150967609739877,5.234542958182735,2.0070505692867187,5.041603493040181
418,wastebasket,waste,basket,5.24304306614528,5.218165324291196,2.0255536210013396,5.041603493040181
419,wasteland,waste,land,2.959955400704323,5.6242624036502065,1.5667550356685749,5.041603493040181
420,wastewater,waste,water,5.746436287713972,5.1286258290967845,2.126713160960228,5.041603493040181
421,waterfall,water,fall,5.7435010717710435,5.1291479214543205,2.126123313735942,5.041603493040181
422,waterfront,water,front,5.078390253286898,5.24745242851508,1.9924657642562962,5.041603493040181
423,watermark,water,mark,4.026478702683361,5.434557906289889,1.7810785544625432,5.041603493040181
424,watermelon,water,melon,4.834974343028,5.2907492723997676,1.9435500450026075,5.041603493040181
425,waterproof,water,proof,5.522209981939371,5.168509382089017,2.0816536945888786,5.041603493040181
426,waterspout,water,spout,2.9521302690678506,5.625654274471145,1.5651825339292853,5.041603493040181
427,waterway,water,way,5.008900416632748,5.25981271591777,1.9785014127184541,5.041603493040181
428,wedlock,wed,lock,3.9107094155752096,5.455150006227942,1.7578141016978948,5.041603493040181
429,weekday,week,day,5.416945011612856,5.187233059526148,2.060500140039946,5.041603493040181
430,weekend,week,end,5.708295634679676,5.135409978490839,2.1190485942768356,5.041603493040181
431,werewolf,were,wolf,4.071236557456979,5.426596742828201,1.7900728829605244,5.041603493040181
432,whatnot,what,not,4.325536942937838,5.381363856948761,1.8411758952864485,5.041603493040181
433,whetstone,whet,stone,3.893424851768512,5.458224443966862,1.7543406768519525,5.041603493040181
434,whirlpool,whirl,pool,4.94729006004365,5.270771465442732,1.966120484525114,5.041603493040181
435,whirlwind,whirl,wind,4.907237953537821,5.27789560864599,1.9580718011203433,5.041603493040181
436,wholesale,whole,sale,3.0070444263123686,5.61588659046583,1.5762178253199293,5.041603493040181
437,willpower,will,power,5.206268378298613,5.224706506898823,2.018163552273144,5.041603493040181
438,windowpane,window,pane,4.616373540490988,5.329632206594356,1.8996210533678437,5.041603493040181
439,windowsill,window,sill,3.002898194315209,5.616624088517209,1.5753846179912958,5.041603493040181
440,wingspan,wing,span,3.030539540563128,5.611707470486835,1.5809392932441135,5.041603493040181
441,wintergreen,winter,green,3.7604095577771837,5.481884123451629,1.7276105474598091,5.041603493040181
442,wintertime,winter,time,5.8355496345218905,5.11277507118749,2.1446209610279245,5.041603493040181
443,wiretap,wire,tap,4.133429596534788,5.415534350477586,1.8025709042929348,5.041603493040181
444,wisecrack,wise,crack,3.7471101446000485,5.4842497149837355,1.7249379597866383,5.041603493040181
445,wishbone,wish,bone,4.980176430449138,5.264921905141329,1.9727291752237486,5.041603493040181
446,witchcraft,witch,craft,4.675979738656263,5.319029940482101,1.9115992352875515,5.041603493040181
447,womankind,woman,kind,3.9046973411033647,5.4562193851750855,1.756605943419809,5.041603493040181
448,wordplay,word,play,4.988573903944105,5.263428230802003,1.9744166920975768,5.041603493040181
449,wristwatch,wrist,watch,5.64516981464439,5.1466382863374935,2.106363125659683,5.041603493040181
450,yardstick,yards,tick,5.429167275809105,5.185059062500812,2.062956268907744,5.041603493040181
451,yearbook,year,book,5.315203671152557,5.205329982319088,2.040054677616571,5.041603493040181
