Compound,left,right,TRAN,LMD,glove_LMD,glove_TRAN
aboveground,above,ground,6.2,4.0,5.176485874763201,0.8795238405991092
airbase,air,base,4.266666666666667,5.866666666666666,5.4544293158450134,3.4031499017899876
airborne,air,borne,3.857142857142857,3.1333333333333333,4.191957183142997,2.8949711687024724
aircraft,air,craft,4.533333333333333,4.266666666666667,4.360665013477428,4.0906560523155
airfield,air,field,4.333333333333333,5.714285714285714,4.356041238645169,2.9006402379593634
airflow,air,flow,6.0,4.866666666666666,6.039342993174861,2.7575532603487822
airlift,air,lift,5.333333333333333,5.533333333333333,4.110051861328026,2.6892444789654606
airline,air,line,3.071428571428572,3.333333333333333,3.4329165701439175,2.9953209912597045
airmail,air,mail,5.4,6.714285714285714,5.551944074874754,2.2070154890910185
airplane,air,plane,5.733333333333333,5.6,6.620391400798548,4.670200145452998
airport,air,port,4.214285714285714,5.266666666666667,5.058423778435932,3.5222354630172314
airsick,air,sick,4.416666666666667,6.466666666666667,6.007534955344622,0.9034276269171434
airspace,air,space,5.538461538461538,4.857142857142857,4.12334201166358,2.8151030129710732
airstrip,air,strip,3.615384615384616,5.6,5.015699893482545,2.044731052953022
airtight,air,tight,5.0,5.066666666666666,5.655226960752318,1.8166437100737993
alongside,along,side,5.571428571428571,4.666666666666667,3.963005796557294,3.7039103996903555
anchorman,anchor,man,3.2666666666666666,6.4,3.3575339704777036,2.6259569098760007
awesome,awe,some,3.2142857142857144,2.533333333333333,3.3246428082544273,2.4082282842252623
awestruck,awe,struck,5.0,3.2666666666666666,3.0799118624480855,2.25355777424889
backache,back,ache,6.428571428571429,5.2,7.125231471251926,1.5506171954322496
backbone,back,bone,6.285714285714286,4.733333333333333,5.788850418711512,1.7759675177678378
backdrop,back,drop,3.4615384615384617,3.1333333333333333,5.330373562073747,1.71216063571654
backfire,back,fire,3.642857142857143,4.357142857142857,4.949075820837242,1.0995283372997826
background,back,ground,3.5,3.6,4.7797140274854995,2.0694245556758126
backhand,back,hand,4.857142857142857,5.066666666666666,4.933758040558323,2.2361886319273125
backlash,back,lash,3.7142857142857135,6.0,5.286474258940619,1.6497891987282265
backless,back,less,3.642857142857143,3.066666666666667,4.855294154616113,0.4088600352025038
backlog,back,log,2.909090909090909,4.8,5.513994526603839,1.6763629080705282
backpack,back,pack,6.0,5.333333333333333,5.963268319452299,2.30608633251095
backseat,back,seat,6.071428571428571,6.4,5.729888552174715,1.6109741935430328
backside,back,side,5.133333333333334,3.8,4.6965188296393805,1.7538706676657534
backslide,back,slide,3.333333333333333,4.75,5.907020217033764,1.10447487107224
backstage,back,stage,5.714285714285714,5.533333333333333,5.857406638678891,2.5598110315109457
backstroke,back,stroke,4.933333333333334,6.333333333333333,6.0045540286806975,1.3964806620858778
backtrack,back,track,5.071428571428571,3.6666666666666665,4.340261253359705,1.093847972853981
backup,back,up,3.733333333333333,4.2,4.763517321627424,2.3484705638501993
backwash,back,wash,3.5,5.2,6.064441932632199,0.883424432209883
backwater,back,water,3.272727272727273,5.916666666666667,5.516507365315203,1.2928580761736528
backyard,back,yard,5.8,5.666666666666667,6.490325545354798,2.3179571125156335
bagpipe,bag,pipe,4.461538461538462,5.933333333333334,6.228935451391148,1.72799520432615
banknote,bank,note,5.0,5.4,5.133598194138881,1.8166904928268999
bankroll,bank,roll,3.533333333333333,3.857142857142857,4.800813829211445,1.1226441141928698
basketball,basket,ball,5.642857142857143,6.266666666666667,5.22062626561195,2.629225806468086
batman,bat,man,4.857142857142857,5.666666666666667,5.262956733299254,1.9418664997967725
bearskin,bear,skin,6.2,5.133333333333334,4.653011548413942,1.2999288956359654
beefsteak,beef,steak,5.8,5.357142857142857,6.187711181357002,2.106565700117282
beehive,bee,hive,5.6,5.866666666666666,6.382469908451352,2.488386653019221
beeline,bee,line,3.2142857142857144,6.928571428571429,5.209662157851979,0.9850662405705847
beetroot,beet,root,5.363636363636363,4.733333333333333,4.025466431564263,2.3565741497912818
beforehand,before,hand,3.6,2.2666666666666666,3.867850121068179,2.200741157220687
bellboy,bell,boy,3.615384615384616,7.0,5.125688090625889,0.7041503296769644
bellhop,bell,hop,2.5,4.071428571428571,5.632909624832601,0.6952810841215502
bittersweet,bitter,sweet,4.928571428571429,4.6,5.413419550748122,3.162651922450527
blindfold,blind,fold,3.933333333333333,2.8666666666666667,4.125956389170152,1.2374765270987946
boardroom,board,room,4.8,6.333333333333333,5.448786926965291,2.1938858054679677
boardwalk,board,walk,4.4,6.133333333333334,6.557226809608832,1.8241447247037343
bodyguard,body,guard,5.642857142857143,7.266666666666667,5.702888441908902,2.292017278450477
borderline,border,line,5.769230769230769,3.533333333333333,4.0940594702336455,1.7974359905244532
bottleneck,bottle,neck,4.6,4.933333333333334,5.215916227364947,1.0991708903534294
boyfriend,boy,friend,5.733333333333333,4.4,6.078219926351551,4.361351923431885
boyhood,boy,hood,3.642857142857143,1.8666666666666667,4.0375926777987665,1.9209335363601943
briefcase,brief,case,3.933333333333333,7.066666666666666,5.192854089177985,1.3455208531930571
broomstick,broom,stick,6.2,4.0,3.8736293013903857,2.406658359939902
brotherhood,brother,hood,4.0,2.0,4.922492913958361,1.5766206799355889
brownstone,brown,stone,4.090909090909091,5.933333333333334,6.208160556799613,1.8160097730052263
bulletproof,bullet,proof,5.533333333333333,4.733333333333333,5.016470365828778,2.9655922330891875
bumpkin,bump,kin,1.6,6.166666666666667,5.038284984001502,1.3380953622067027
businesslike,business,like,5.0,2.333333333333333,4.510865078075358,1.0995161345013382
businessman,business,man,5.857142857142857,3.533333333333333,5.43174437392741,3.223745010674054
busybody,busy,body,4.0,3.2,4.690168357639875,0.9451825557101018
buttonhole,button,hole,5.642857142857143,4.733333333333333,4.357296738337195,1.648433745800168
calfskin,calf,skin,5.166666666666667,5.666666666666667,4.918658877908555,1.5094848996828287
campfire,camp,fire,5.928571428571429,6.666666666666667,5.197580554003035,2.1201314328160503
campground,camp,ground,5.571428571428571,3.8,3.5764665431274643,1.8617565467957051
campsite,camp,site,5.857142857142857,3.8666666666666663,4.611539460128809,2.579051309583358
cannonball,cannon,ball,6.266666666666667,5.066666666666666,4.363567823703206,1.9270838235095784
carefree,care,free,5.6,5.8,5.273964145562024,1.083145846610752
carryall,carry,all,4.615384615384615,4.0,4.1102446680053415,-0.6196364179453253
carryout,carry,out,4.6,5.0,4.189285941244026,0.7062152822872668
cartwheel,cart,wheel,3.071428571428572,7.2,5.606405158348084,1.2438584340437262
castaway,cast,away,4.5,5.2,4.164475984317365,0.8439848071842032
castoff,cast,off,4.333333333333333,4.928571428571429,4.9861169299381425,0.4419950802200129
censorship,censor,ship,3.066666666666667,2.1333333333333333,2.4050296668373683,2.700542084299226
chamberlain,chamber,lain,2.888888888888889,3.555555555555556,4.815612820186247,1.0564711300601854
chambermaid,chamber,maid,5.076923076923077,7.133333333333334,6.77289822873562,1.6759428255735511
cheapskate,cheap,skate,2.0,2.0,4.472099336809784,1.3474547402757024
cheekbone,cheek,bone,6.666666666666667,5.266666666666667,4.888599357925468,2.8208241564451733
chestnut,chest,nut,2.333333333333333,8.0,5.419686213839399,2.163634085889483
chickenpox,chicken,pox,2.4285714285714284,7.933333333333334,7.388520116876341,3.026799011169436
choirboy,choir,boy,5.933333333333334,5.133333333333334,4.695776567621918,1.7068068448873923
chopstick,chop,stick,2.857142857142857,7.333333333333333,4.727918105074929,1.631328421909507
clambake,clam,bake,5.4,5.25,4.602446152711199,1.8188284004191453
clamshell,clam,shell,6.538461538461538,4.866666666666666,4.448977409319258,1.610134170169156
claptrap,clap,trap,2.357142857142857,6.5,4.511326527535339,0.9395000543160088
classmate,class,mate,5.857142857142857,5.0,5.006897979610245,1.9407767557368696
classroom,class,room,5.8,5.4,6.096309238275536,3.2057877607661274
cleanup,clean,up,3.857142857142857,1.4666666666666666,3.8617473034467067,2.7960979672646142
clergyman,clergy,man,6.0,3.8666666666666663,3.6477159629802074,2.8789255923371244
cliffhanger,cliff,hanger,4.0,6.4,6.100265462900538,1.3230428844371425
clipboard,clip,board,5.642857142857143,6.333333333333333,3.69184032040552,1.2447077142777683
cloakroom,cloak,room,5.866666666666666,6.384615384615385,5.442577369430932,1.7969037606499607
closeup,close,up,4.153846153846154,2.933333333333333,5.000406915992027,-0.18547666735033363
cloverleaf,clover,leaf,5.785714285714286,6.142857142857143,4.55812495574575,2.0204994714365316
coachman,coach,man,4.583333333333333,4.733333333333333,5.05942409541403,0.6972104820189211
coastline,coast,line,5.769230769230769,3.533333333333333,2.713357453415062,3.452410868791411
cobweb,cob,web,3.1333333333333333,7.866666666666666,4.896929925469743,1.2586819498577664
codfish,cod,fish,5.2,6.666666666666667,4.294310506778088,2.4721130452381366
coffeepot,coffee,pot,6.285714285714286,4.466666666666667,4.6396496163869205,1.8235736618195926
collarbone,collar,bone,6.285714285714286,5.866666666666666,6.123488686203664,2.464860062843638
comeback,come,back,5.142857142857143,5.666666666666667,5.294817239242976,2.756955854076571
commonplace,common,place,4.846153846153846,2.8666666666666667,4.107657549979826,2.6020540077078347
commonwealth,common,wealth,3.9,4.6,4.683082108247977,1.8485645384887426
congressman,congress,man,6.333333333333333,4.733333333333333,4.1356033701112,2.7135685722450757
corkscrew,cork,screw,5.0,4.8,5.837151477114167,2.300598725904501
cottontail,cotton,tail,4.083333333333333,5.357142857142857,5.675521671432718,1.2008068388223994
countdown,count,down,6.266666666666667,3.8666666666666663,4.877605106851936,1.2700678473546836
crossfire,cross,fire,4.071428571428571,5.866666666666666,5.402477006554392,2.0755857361724366
crossover,cross,over,4.933333333333334,4.533333333333333,4.504082219096635,1.3760468165791637
crossroad,cross,road,5.428571428571429,5.2,5.946419333775506,1.5874312136732418
crosswalk,cross,walk,5.2,4.933333333333334,5.285385607860329,1.7048629381036675
crosswind,cross,wind,4.545454545454546,6.0,7.104588994474786,1.3603610864185418
crosswise,cross,wise,3.090909090909091,3.3076923076923075,5.015104969294719,0.7066204569163756
crossword,cross,word,4.571428571428571,6.6,5.85520760823073,1.1832080379541812
crybaby,cry,baby,5.333333333333333,5.266666666666667,4.5742674276269115,1.0576515365794856
cupboard,cup,board,3.0,5.133333333333334,4.740599829319945,0.9403205714406241
cupcake,cup,cake,4.8,7.066666666666666,6.72164291389984,2.4831055977445273
curbside,curb,side,6.0,3.928571428571429,3.7013780361103485,1.1462296283842828
daredevil,dare,devil,3.7142857142857135,3.066666666666667,4.812708968195974,1.8991536738362385
daresay,dare,say,4.181818181818182,4.785714285714286,4.550961092266495,0.7824307029667316
darkroom,dark,room,5.785714285714286,5.266666666666667,5.891925094681271,1.6410343953963644
dartboard,dart,board,5.933333333333334,5.333333333333333,3.5083594355304344,0.7693532166479444
dashboard,dash,board,3.642857142857143,7.933333333333334,3.7619612462492276,1.9750621880877979
dateline,date,line,2.6,4.533333333333333,4.168433283912645,1.5089541329171603
dimwit,dim,wit,5.666666666666667,3.533333333333333,4.575584463359846,1.0050321156971165
dipstick,dip,stick,3.333333333333333,5.384615384615385,4.230520273728978,1.7019793496286233
dockyard,dock,yard,5.230769230769231,2.8,4.3958081000695595,2.934520757761118
dovetail,dove,tail,3.333333333333333,5.909090909090909,5.000004032749065,1.0510965226562745
drainpipe,drain,pipe,5.857142857142857,5.866666666666666,4.9410464945737305,1.4933577769203072
drawback,draw,back,2.1333333333333333,6.4,4.331263515414912,0.6541957174739049
drawbridge,draw,bridge,4.153846153846154,8.133333333333333,7.3844538226907295,1.860881528549219
drawstring,draw,string,3.8666666666666663,6.933333333333334,5.312005236177057,1.3188196908301448
driftwood,drift,wood,4.666666666666667,6.533333333333333,5.652363679415366,2.0801858256011228
dropout,drop,out,4.333333333333333,4.733333333333333,4.411821732797922,1.3593999756970003
drugstore,drug,store,6.2,5.066666666666666,6.252477904705139,3.021752384018055
eastbound,east,bound,5.933333333333334,3.466666666666667,4.802119405460199,2.122167431063337
edgewise,edge,wise,2.8181818181818183,2.8181818181818183,4.679115566511015,0.22180967728570555
elsewhere,else,where,4.6,3.533333333333333,5.511378586054332,3.8079893921220833
eyeball,eye,ball,5.8,3.466666666666667,3.989635834767011,2.0830238004926347
eyebrow,eye,brow,5.142857142857143,4.733333333333333,5.694848191152687,3.1846326384433983
eyelash,eye,lash,5.071428571428571,4.333333333333333,5.36209861420055,1.7932343999438114
eyeless,eye,less,4.384615384615385,3.6666666666666665,3.5883447550255045,0.5221826754704023
eyelid,eye,lid,6.0,4.4,4.607017100101051,2.7434073770424536
eyesight,eye,sight,6.266666666666667,5.0,4.925188378755626,2.9277103108990965
eyesore,eye,sore,5.0,5.8,5.573778281942124,1.171479724697303
eyestrain,eye,strain,5.285714285714286,6.066666666666666,5.016909387569482,1.2614258445485935
eyewash,eye,wash,6.133333333333334,5.133333333333334,4.834541835680732,0.9793015442171609
eyewitness,eye,witness,6.266666666666667,7.066666666666666,7.863390566947103,2.977918860805322
faceless,face,less,3.857142857142857,3.1333333333333333,4.505947564297612,0.9941396178230283
fallout,fall,out,3.357142857142857,3.933333333333333,4.483846820356328,1.9669409987232658
falsehood,false,hood,2.857142857142857,1.6666666666666667,3.21181047895816,1.818421363480193
fanfare,fan,fare,3.8666666666666663,5.142857142857143,5.515416656660435,1.0379287919698306
farewell,fare,well,3.4,4.4,5.093537606170816,1.4587959141630618
fatherhood,father,hood,3.857142857142857,1.4,4.291115674812541,1.2512902108583264
feedback,feed,back,3.0,5.866666666666666,4.6826667392032615,1.9622943750524082
fellowship,fellow,ship,3.071428571428572,2.0,3.3274610044851385,1.945920335152587
ferryman,ferry,man,5.6,5.571428571428571,4.239003164130212,1.4088992640081939
figurehead,figure,head,3.733333333333333,3.733333333333333,4.7981361095927335,2.1284408969645217
filmstrip,film,strip,5.642857142857143,3.769230769230769,4.000758616867555,0.6597387688287042
fireball,fire,ball,5.214285714285714,4.866666666666666,4.372840782327259,1.945480948906742
firefly,fire,fly,4.2,7.0,5.3112762417131725,1.0862537350117543
firelight,fire,light,5.214285714285714,5.428571428571429,5.370506591866792,0.8575758883174203
fireplace,fire,place,5.857142857142857,3.933333333333333,4.629912899573843,1.9488869678153116
firepower,fire,power,4.928571428571429,5.666666666666667,5.093238564526925,2.0741045364886075
fireproof,fire,proof,4.785714285714286,4.2,5.602306993487913,1.6680079488757005
fireside,fire,side,4.538461538461538,4.714285714285714,4.646453178484144,0.6366940704779257
firewood,fire,wood,6.333333333333333,5.733333333333333,6.362013350099717,2.5151734841455973
firsthand,first,hand,3.466666666666667,3.2857142857142856,4.766413081018525,1.4611818614144427
flapjack,flap,jack,1.7857142857142858,4.769230769230769,3.9304810721679897,1.168162755715112
folklore,folk,lore,3.8666666666666663,5.0,4.923639691706754,4.94083849995136
folktale,folk,tale,5.266666666666667,6.333333333333333,4.973619479559726,2.851710771700164
foolhardy,fool,hardy,2.8461538461538463,3.3846153846153846,4.181824421525143,2.2478420127481313
foolproof,fool,proof,4.285714285714286,5.266666666666667,5.583226481757707,2.463424076699768
foothill,foot,hill,3.333333333333333,6.733333333333333,5.342628191626561,1.2501049693331867
foothold,foot,hold,4.8,5.153846153846154,5.661879474678052,1.625853860818467
footnote,foot,note,3.2857142857142856,7.733333333333333,6.327993727888628,1.750017002486087
footpath,foot,path,5.071428571428571,6.2,6.385554643316622,2.392857370498353
footprint,foot,print,6.214285714285714,4.6,4.926250942936006,1.9824082120754463
footrace,foot,race,5.571428571428571,5.8,6.082604093639669,1.1505316109504384
footstep,foot,step,6.0,5.2,5.392677443187444,0.9476677185382402
footstool,foot,stool,5.928571428571429,5.933333333333334,6.455043354579827,2.0277266678626313
footwear,foot,wear,5.785714285714286,3.6666666666666665,6.199457864662949,2.6563430098877943
footwork,foot,work,5.071428571428571,3.642857142857143,4.801977489318986,1.8823761482394439
fortnight,fort,night,2.5454545454545454,7.133333333333334,5.712269815866509,1.289606573742873
framework,frame,work,3.4285714285714284,2.7333333333333334,4.754125734103329,2.8398356443963584
freshman,fresh,man,3.6666666666666665,4.933333333333334,5.483607881322401,1.4686037681028319
freshwater,fresh,water,6.0,6.333333333333333,6.034545536769829,2.69347778099648
friendship,friend,ship,2.8,1.4666666666666666,3.1553413389477853,2.5222090049204398
frostbite,frost,bite,3.857142857142857,2.533333333333333,4.889247569399922,1.917918244323983
fruitcake,fruit,cake,5.133333333333334,6.266666666666667,6.101888166592895,2.611735809458199
gallbladder,gall,bladder,4.066666666666666,5.769230769230769,5.418784168168472,4.219211046463198
gallstone,gall,stone,3.3846153846153846,6.363636363636363,3.6318519499678636,1.9617169209495597
gangplank,gang,plank,2.833333333333333,7.363636363636363,6.565948842225117,1.0896078292712437
gangway,gang,way,3.1,6.571428571428571,5.377963355071742,0.5381817181490309
gentleman,gentle,man,5.0,6.933333333333334,5.58026208066167,3.124278905587281
getaway,get,away,5.533333333333333,6.466666666666667,5.134661013824443,1.882851910437908
getup,get,up,3.363636363636364,5.466666666666667,4.630952276795358,0.3253695052068911
gingerbread,ginger,bread,5.2,5.866666666666666,4.9989663074644515,2.7747109855842114
girlfriend,girl,friend,5.533333333333333,3.933333333333333,5.320722913351012,4.707518638894399
goalpost,goal,post,5.714285714285714,5.333333333333333,3.948038652861962,1.5371277744930574
goatherd,goat,herd,5.166666666666667,5.466666666666667,4.856423619279873,1.7130775320366145
grapefruit,grape,fruit,3.333333333333333,7.733333333333333,5.312805605512036,3.561179947465119
grapevine,grape,vine,5.0,5.666666666666667,5.8334189590850976,2.2883955062137673
greasepaint,grease,paint,4.181818181818182,5.071428571428571,4.598714023641909,2.1215148630935334
guardrail,guard,rail,5.0,6.066666666666666,6.234094230297545,0.9202610094986468
guidebook,guide,book,6.066666666666666,5.266666666666667,4.020934423312264,3.6896159691511468
hailstone,hail,stone,4.1,4.923076923076923,4.341993163721912,1.016388143014907
hailstorm,hail,storm,6.533333333333333,5.6,4.861566687825568,2.582216466138914
hallmark,hall,mark,2.2857142857142856,7.733333333333333,4.506133983948759,1.9535724808152144
hallway,hall,way,4.866666666666666,2.7333333333333334,4.051728335723135,2.389260345692771
hamburger,ham,burger,3.071428571428572,7.866666666666666,6.340210437911608,3.7004005474095525
hamstring,ham,string,2.2666666666666666,5.857142857142857,5.023398027657367,1.9694314705788063
handbag,hand,bag,5.466666666666667,6.8,6.653924119021431,2.995038272513148
handbook,hand,book,3.8,8.0,6.879623785476259,2.015089229521122
handbrake,hand,brake,5.642857142857143,6.6,6.89443509523265,2.0211962652358855
handcart,hand,cart,5.2,6.642857142857143,6.1675458541777415,1.3666440360648622
handcuff,hand,cuff,5.857142857142857,5.866666666666666,5.137956515790398,1.5726296286447854
handgun,hand,gun,6.285714285714286,8.133333333333333,6.969034793586914,3.755033558486045
handlebar,handle,bar,5.928571428571429,4.866666666666666,4.754329172378739,1.3434242578581317
handmade,hand,made,6.066666666666666,4.933333333333334,4.773483206529859,2.5423816674126813
handmaiden,hand,maiden,3.7142857142857135,6.6,5.499026481514313,0.12141791291072324
handout,hand,out,3.928571428571429,4.466666666666667,4.955797772440329,0.7824744236055944
handrail,hand,rail,5.066666666666666,5.6,5.1165806033629755,1.2445310833165082
handsaw,hand,saw,5.714285714285714,6.6,5.3138389984797305,-0.061539037939472685
handshake,hand,shake,6.0,5.0,5.290286198101673,2.5070890053049153
handstand,hand,stand,5.8,4.8,4.988653874511279,1.0771250635220109
hatpin,hat,pin,4.714285714285714,6.1,5.076350590441916,1.0451785543335066
headache,head,ache,6.142857142857143,5.4,6.34911496891089,2.620559537559357
headband,head,band,5.571428571428571,4.8,4.747486595581524,1.136963468299027
headboard,head,board,4.4,6.571428571428571,4.967581564323166,0.6685920777993632
headdress,head,dress,5.4,3.933333333333333,6.818504344908474,2.5805637564641417
headfirst,head,first,5.666666666666667,4.642857142857143,4.684630614108693,0.994827792563931
headgear,head,gear,5.733333333333333,4.666666666666667,5.9236501446847765,2.006406388379087
headless,head,less,4.571428571428571,3.933333333333333,3.8411895604735022,0.974294925650945
headlight,head,light,4.666666666666667,7.0,6.097904949929436,1.484745523763476
headline,head,line,3.2142857142857144,5.533333333333333,5.607217170645772,1.5363315529521437
headlong,head,long,2.888888888888889,5.2,5.51217779184978,1.0805025443208773
headmaster,head,master,4.733333333333333,7.2,5.569009099510437,2.421926804410919
headmistress,head,mistress,4.142857142857143,6.2,6.35564674943387,2.2378371424690355
headpiece,head,piece,5.066666666666666,3.8,5.41679797800754,0.7512742541882959
headrest,head,rest,5.4,4.933333333333334,4.555667219885755,0.43834637633146656
headset,head,set,4.285714285714286,3.6,4.532769640572917,0.843276699827846
headstone,head,stone,3.909090909090909,7.2,6.588467905357432,1.8108290166302499
headstrong,head,strong,4.466666666666667,5.533333333333333,5.941707938169685,0.5831476459102055
headway,head,way,3.0,5.2,6.2429337323585035,1.311800437037495
heatstroke,heat,stroke,5.6,4.866666666666666,4.682081925645916,2.1676985043630475
hedgehog,hedge,hog,2.4,5.866666666666666,5.2166780804929225,1.0333450379764229
heirloom,heir,loom,3.2857142857142856,3.4,4.885091818543016,1.7810372019742169
hellfire,hell,fire,4.142857142857143,6.142857142857143,4.994856752948678,1.824526020635357
hemline,hem,line,4.615384615384615,4.0,2.8787858367337367,2.198310826706783
hemlock,hem,lock,2.0,5.5,4.192130940464265,0.9427641396680301
henceforth,hence,forth,3.076923076923077,5.4,3.717946900866061,1.9910235649330996
herringbone,herring,bone,3.875,7.625,4.9953115498171154,0.9199288613948993
hideaway,hide,away,5.866666666666666,4.0,3.9130312703828007,1.3809028716129959
hideout,hide,out,5.066666666666666,2.6666666666666665,3.7632087110902224,2.1639633869317314
hitchhike,hitch,hike,2.933333333333333,4.266666666666667,4.230367011038715,1.6812688140650742
hitherto,hither,to,2.6,4.846153846153846,4.401347239057223,1.0265807617014369
hogwash,hog,wash,2.0,4.6923076923076925,4.276397635159177,1.2859606048399637
hoodwink,hood,wink,1.6,4.615384615384615,6.0064463455628685,1.1689731878631862
hookup,hook,up,3.1333333333333333,4.25,4.078583853876335,1.2485258072135972
hookworm,hook,worm,3.5,7.083333333333333,6.50940238900896,1.5059351279659199
hopscotch,hop,scotch,2.5,1.6666666666666667,5.499246871804277,1.303464127521671
hourglass,hour,glass,4.333333333333333,5.133333333333334,5.5323907144072315,0.9920170491786245
hovercraft,hover,craft,5.266666666666667,5.0,5.399107552621863,2.435950980373445
hubcap,hub,cap,2.357142857142857,5.384615384615385,4.617352157101061,0.784018450117297
humankind,human,kind,5.0,3.2,4.086807968256963,2.4299028096969115
humbug,hum,bug,2.333333333333333,5.416666666666667,4.939455460560634,1.6152401563245602
humdrum,hum,drum,2.5,4.25,3.4196410696968647,1.7833808917065974
hunchback,hunch,back,5.866666666666666,4.266666666666667,4.010169267736975,0.9146412756356304
hundredfold,hundred,fold,4.266666666666667,3.0,5.945899494988031,1.5982712769025305
jailbreak,jail,break,4.357142857142857,5.0,4.019626744108955,1.5543468561560279
jawbone,jaw,bone,6.714285714285714,4.533333333333333,4.694601450222062,2.7148964784466845
jaywalk,jay,walk,3.071428571428572,8.933333333333334,6.264969786523434,0.24728960161461844
jellyfish,jelly,fish,4.642857142857143,6.533333333333333,5.573808377576524,2.853943110448783
jigsaw,jig,saw,1.9333333333333331,5.142857142857143,4.304902270357641,1.4174616998543117
joyride,joy,ride,4.733333333333333,6.133333333333334,5.830665774505816,1.6960151847706926
joystick,joy,stick,3.533333333333333,7.133333333333334,6.052529684103021,1.5074639678714017
keepsake,keep,sake,3.4615384615384617,2.933333333333333,5.609565633195828,0.8735533775229116
killjoy,kill,joy,5.0,4.428571428571429,5.357990930896377,0.8570566891043117
kinship,kin,ship,2.769230769230769,1.9333333333333331,2.920441284967617,1.5250217644705222
kneecap,knee,cap,5.4,4.6,2.734790934347487,2.472325696330525
knighthood,knight,hood,4.466666666666667,3.066666666666667,2.975462422213901,1.777043923876945
knockout,knock,out,4.428571428571429,4.333333333333333,3.8458875246258213,2.704919984895179
knothole,knot,hole,4.2,6.0,4.518713669950711,1.3706623008776364
lamplight,lamp,light,6.571428571428571,4.733333333333333,4.373482772355907,1.254847788443866
lamppost,lamp,post,6.333333333333333,4.4,3.5589501836610618,1.2358204447041479
lampshade,lamp,shade,6.133333333333334,5.533333333333333,3.9205257090276846,2.15746201547871
leapfrog,leap,frog,4.928571428571429,4.266666666666667,4.513703355702719,1.9903769653781016
lengthwise,length,wise,3.071428571428572,1.8,4.285128987862343,1.466701965016373
letdown,let,down,4.307692307692308,6.6,4.538514075132714,0.7040197077493224
lineman,line,man,5.0,6.133333333333334,4.932420954759471,1.4929777830459963
lineup,line,up,3.769230769230769,3.066666666666667,4.808788345976056,2.438600239193334
lipstick,lip,stick,4.214285714285714,3.066666666666667,3.797864913979619,2.5571500695192215
livestock,live,stock,4.266666666666667,4.466666666666667,4.595306611100901,2.317603219594184
loathsome,loath,some,3.466666666666667,1.8666666666666667,3.4235954188855855,1.1673740141153717
logbook,log,book,4.4,6.533333333333333,3.8185551186219566,1.575684907273688
loincloth,loin,cloth,5.466666666666667,6.0,5.438689301043714,2.895499782315646
lonesome,lone,some,3.533333333333333,2.0,4.00030788856641,1.2480269930711692
lookout,look,out,4.714285714285714,3.2,4.52387200029528,1.2676265718907853
loophole,loop,hole,4.142857142857143,6.866666666666666,6.101057830889147,1.8184631958501862
lordship,lord,ship,3.8333333333333335,1.9333333333333331,2.873664361495372,1.9252509482152766
lunchroom,lunch,room,6.5,4.6,4.89594610068793,2.0664278357582404
lunchtime,lunch,time,6.357142857142857,3.4,3.14172836102824,3.103221646420178
maidservant,maid,servant,5.285714285714286,4.666666666666667,5.179213725052221,2.4023924974591586
makeshift,make,shift,2.8,4.2,4.739098720979702,1.644126085893617
makeup,make,up,4.466666666666667,4.142857142857143,5.019151624977316,2.281098671522567
marketplace,market,place,5.785714285714286,3.2,3.078861574611377,3.4075765228439057
markup,mark,up,3.357142857142857,3.1333333333333333,5.450605299241651,0.7975770879018551
masthead,mast,head,3.9166666666666665,4.0,3.6092576656218567,1.3991277913973734
mealtime,meal,time,5.928571428571429,4.066666666666666,3.191486012904932,1.6715634663679353
meantime,mean,time,2.6666666666666665,6.928571428571429,5.166297831230575,2.406281387771296
meanwhile,mean,while,2.7142857142857144,7.066666666666666,7.212923943329097,3.160014291778371
meatball,meat,ball,6.285714285714286,4.714285714285714,4.171835742058007,1.5267657400352381
milestone,mile,stone,2.2142857142857144,3.357142857142857,4.7195381363140765,1.472655410365814
molehill,mole,hill,4.733333333333333,6.461538461538462,4.754782526232363,1.2046101237909492
moleskin,mole,skin,4.066666666666666,6.066666666666666,5.13702158227741,1.3508922026777983
motherhood,mother,hood,3.928571428571429,1.6666666666666667,2.8619229297766715,1.4675883291100902
motherland,mother,land,4.733333333333333,6.666666666666667,5.140880556044047,1.394939205308605
muskrat,musk,rat,2.8,7.533333333333333,5.264521748165189,2.1017210637029806
namesake,name,sake,4.0,3.4285714285714284,3.6716566991503146,2.685065330703329
nationwide,nation,wide,5.8,3.333333333333333,4.421965442879102,3.048551676789435
network,net,work,3.071428571428572,4.4,5.301882196720951,2.521018018763247
nickname,nick,name,3.357142857142857,8.666666666666666,7.819834122217586,3.006199887948064
nobleman,noble,man,5.933333333333334,4.933333333333334,3.6106134171442688,2.626230482938963
nobody,no,body,4.466666666666667,4.4,3.179794854553464,3.200504504210077
noontime,noon,time,6.6923076923076925,3.733333333333333,3.301297512056935,2.1056695037112534
nowhere,no,where,3.615384615384616,5.266666666666667,4.70266507827569,3.256268083590661
nursemaid,nurse,maid,4.866666666666666,4.4,5.1390617850229425,2.1149186516097074
oatmeal,oat,meal,5.4,4.133333333333334,4.417788514209095,3.4643980322463293
oneself,one,self,6.133333333333334,6.533333333333333,5.69981306247561,2.176816098953986
onetime,one,time,5.153846153846154,4.142857142857143,4.821820854357103,1.5600816303424563
otherwise,other,wise,2.8666666666666667,2.8,4.3154695956036235,2.867341967428898
outback,out,back,3.8181818181818175,5.266666666666667,5.233069190998008,1.2318201343427941
outbid,out,bid,3.7857142857142856,6.733333333333333,6.921587874935183,1.4591248109987207
outbreak,out,break,3.6666666666666665,5.214285714285714,4.836495330602281,1.9591974183330407
outburst,out,burst,4.285714285714286,6.733333333333333,6.419752456295431,2.2629267464602925
outcast,out,cast,3.2142857142857144,4.6,5.011449244795255,1.2151474303218799
outcome,out,come,3.1333333333333333,4.142857142857143,5.65857738208176,2.7364767304908115
outcry,out,cry,4.714285714285714,7.666666666666667,5.858761844853553,1.9421472054487863
outdo,out,do,3.333333333333333,5.866666666666666,6.108877613577624,0.834010869274593
outfield,out,field,5.142857142857143,6.0,6.170078092845582,2.4972942658370405
outfit,out,fit,2.2666666666666666,5.4,5.259584814130815,2.2501683988979124
outflank,out,flank,3.555555555555556,6.307692307692308,7.457071306052109,1.7657360814852257
outgrow,out,grow,5.666666666666667,7.133333333333334,6.349190198977611,1.3343819489025357
outlast,out,last,4.166666666666667,6.133333333333334,4.56594586672626,0.18592336866821246
outlaw,out,law,3.7142857142857135,5.666666666666667,5.879925492180403,2.0678730620492147
outlet,out,let,2.466666666666667,4.533333333333333,4.938992809082899,1.559945966081704
outline,out,line,3.071428571428572,6.0,4.721037416636784,1.9952402544375696
outlive,out,live,4.4,6.2,5.466279760276939,0.9267035997929312
outlook,out,look,3.466666666666667,6.4,5.899081916241728,2.2020321697693572
outnumber,out,number,3.7142857142857135,6.066666666666666,6.321240876491906,1.688873954903803
outpatient,out,patient,3.466666666666667,7.0,6.807778070180513,2.460645662965126
outpost,out,post,3.9166666666666665,6.230769230769231,5.727235598742923,1.761166692212466
output,out,put,3.2,4.333333333333333,5.141999229060083,2.015805212370456
outrage,out,rage,3.733333333333333,7.4,6.637816132775637,2.88118293309211
outreach,out,reach,4.214285714285714,6.533333333333333,5.165429925980534,1.594955227730972
outright,out,right,2.6666666666666665,4.866666666666666,5.072443672449849,2.133213186128056
outrun,out,run,4.071428571428571,6.8,5.444693498527236,0.9551459013541806
outsell,out,sell,3.571428571428572,6.5,6.368031665793595,0.8237716235338737
outset,out,set,2.6,4.75,5.427222288377355,2.011415608566225
outshine,out,shine,4.133333333333334,6.6,7.211666129332944,1.679786594755385
outside,out,side,4.4,2.7333333333333334,4.617036710770966,3.4946652791122115
outsmart,out,smart,4.266666666666667,7.266666666666667,5.831437236950682,0.6129020743885237
outweigh,out,weigh,4.571428571428571,6.6,6.766739534230124,2.1172800987980627
outwit,out,wit,4.266666666666667,5.785714285714286,6.473177587247783,0.9717430259272144
oxcart,ox,cart,4.846153846153846,6.461538461538462,4.419582286177892,1.7532838617268411
padlock,pad,lock,3.75,8.133333333333333,5.716334052190543,2.039709213144658
paintbox,paint,box,5.5,4.466666666666667,4.305739033124378,0.599025311092392
paintbrush,paint,brush,6.333333333333333,5.733333333333333,5.043632298494617,2.5742734414890913
parenthood,parent,hood,3.571428571428572,1.5333333333333334,3.3607437356421563,1.4531477267590538
partnership,partner,ship,3.2142857142857144,2.2,2.3241965987358566,2.946752657206638
passageway,passage,way,5.846153846153846,3.8,3.8463598513857487,1.993462416517672
patchwork,patch,work,4.0,3.533333333333333,3.8816394570814103,1.966936467753362
pathway,path,way,5.333333333333333,3.2,4.128158343929008,2.5485370352030654
patrolman,patrol,man,6.142857142857143,4.0,3.8900369175834886,2.1953825128117024
pawnshop,pawn,shop,5.538461538461538,7.066666666666666,4.777659257962147,2.771578164678457
peacetime,peace,time,5.866666666666666,3.733333333333333,5.018643335838454,1.3145162214315445
peephole,peep,hole,5.714285714285714,5.666666666666667,4.486688580553055,1.9951901067195281
peppermint,pepper,mint,3.533333333333333,7.533333333333333,5.608113809193366,2.706991541891158
piecemeal,piece,meal,2.9285714285714284,4.583333333333333,4.245847361532252,1.0600367029875895
pigeonhole,pigeon,hole,2.357142857142857,6.642857142857143,4.494995074837294,1.034650034113609
pillbox,pill,box,6.066666666666666,5.733333333333333,4.548297420722629,1.3208400331757955
pillowcase,pillow,case,6.266666666666667,4.733333333333333,2.853866928956733,1.5008046744085424
pipeline,pipe,line,5.733333333333333,3.733333333333333,4.418989984456853,3.1545307668376807
pitchfork,pitch,fork,4.214285714285714,7.0,5.5490379725293195,1.1361220441168003
pitfall,pit,fall,4.266666666666667,5.071428571428571,4.03118773668181,0.8127958406191773
plywood,ply,wood,4.75,7.933333333333334,5.936499026902698,3.407893990760858
pocketbook,pocket,book,4.2,4.933333333333334,3.96680994186907,1.7009130748545322
pocketknife,pocket,knife,6.142857142857143,6.666666666666667,6.080296535322658,2.3686391193703025
policeman,police,man,6.133333333333334,3.066666666666667,4.41006483689519,4.376678893823549
ponytail,pony,tail,3.533333333333333,6.133333333333334,5.573626659574361,2.2091934729619016
popcorn,pop,corn,5.785714285714286,6.6,5.56094377591707,2.9808025577290858
popgun,pop,gun,4.142857142857143,6.416666666666667,5.365127756950086,0.8211373672056166
poppycock,poppy,cock,1.6,4.076923076923077,4.619869751981905,1.3278540864717183
priesthood,priest,hood,4.266666666666667,2.2,2.2115649327606435,2.208233434616755
primrose,prim,rose,2.0,7.928571428571429,4.413821547200279,1.481163774178454
printout,print,out,4.866666666666666,3.2666666666666666,4.160515779444251,1.2942936641614664
prizefight,prize,fight,4.857142857142857,5.714285714285714,5.663963835436346,0.9186373605249012
puffball,puff,ball,4.636363636363637,6.066666666666666,4.34395491991817,1.1282035510641168
purebred,pure,bred,5.428571428571429,4.666666666666667,6.6442006562721385,2.5799812191199063
quarterback,quarter,back,1.6666666666666667,4.785714285714286,4.847253780153348,2.5753159107462498
railroad,rail,road,5.866666666666666,4.357142857142857,3.5113746451061747,4.034358935719608
railway,rail,way,4.357142857142857,2.6666666666666665,2.330175653801377,3.750839003958082
ransack,ran,sack,1.8571428571428568,6.384615384615385,5.471117853256832,0.8870522271200295
rattail,rat,tail,4.846153846153846,6.4,5.060819178265668,1.3458120596926095
rattlesnake,rattle,snake,5.933333333333334,6.333333333333333,6.250582849122669,3.1289490980190884
rawhide,raw,hide,4.0,6.25,4.8654534801932385,1.3565544485118703
razorback,razor,back,2.7857142857142856,4.833333333333333,4.568574374323557,0.7949413967475287
rooftop,roof,top,6.266666666666667,4.133333333333334,2.9184230369577406,2.6791963112741324
roommate,room,mate,5.785714285714286,5.066666666666666,5.088147647192561,2.2159627452475115
rubberneck,rubber,neck,2.6666666666666665,5.533333333333333,5.0864914819999365,0.43161971264304966
rubdown,rub,down,4.5,2.857142857142857,3.7545117517327835,0.7352952849030036
saddlebag,saddle,bag,5.076923076923077,5.933333333333334,5.155865248506754,1.2208388059371198
saucepan,sauce,pan,5.571428571428571,7.133333333333334,4.553519014062465,3.155603983738649
scarecrow,scare,crow,4.466666666666667,4.133333333333334,5.263707340398043,1.2936464341088638
scatterbrain,scatter,brain,5.285714285714286,4.466666666666667,4.945013193931279,1.2937079347413714
scoutmaster,scout,master,5.466666666666667,5.214285714285714,3.04479429205911,2.3146004591387297
scrapbook,scrap,book,3.928571428571429,6.466666666666667,5.904438532435327,1.5732940702210367
screenplay,screen,play,5.214285714285714,5.8,4.431546929091335,2.618232742466661
seaboard,sea,board,3.642857142857143,3.727272727272727,3.9610381824939425,1.3742449819861609
seacoast,sea,coast,6.076923076923077,5.266666666666667,5.343918780779054,1.814634947205833
seafood,sea,food,6.142857142857143,4.933333333333334,6.200735387000631,3.166989349812558
seafront,sea,front,5.2,3.466666666666667,4.881949023367012,1.7252282575478626
sealskin,seal,skin,5.083333333333333,5.384615384615385,4.9703065402124595,1.6858102887372497
seaman,sea,man,5.538461538461538,4.666666666666667,5.198178527870613,1.8391919039078195
seaplane,sea,plane,4.4,5.928571428571429,5.581556219569522,2.274306004399609
seaport,sea,port,5.642857142857143,5.933333333333334,6.274703164011228,3.2962886208616995
seashore,sea,shore,6.5,5.0,5.292781612706103,2.5460497178751256
seasick,sea,sick,5.866666666666666,6.333333333333333,5.629569547045704,1.8642013405321225
seaside,sea,side,6.266666666666667,4.066666666666666,4.162610432005461,2.331379300667007
seawater,sea,water,6.666666666666667,5.333333333333333,5.8238155893507395,3.668655234252983
seaweed,sea,weed,5.769230769230769,5.733333333333333,5.440852575860007,2.8587128072084456
seesaw,see,saw,2.357142857142857,5.8,5.243382971421648,1.1193820559767513
setback,set,back,3.571428571428572,6.666666666666667,5.296597703321801,1.807265800458171
setup,set,up,3.4285714285714284,2.8666666666666667,5.123045388265973,2.1179655636866883
shamrock,sham,rock,2.25,5.307692307692308,4.930124978653471,1.3947568485504651
sharkskin,shark,skin,5.923076923076923,4.6,5.108538443074139,1.5191532378840624
shatterproof,shatter,proof,4.214285714285714,3.6666666666666665,4.431151866747357,2.0578598114080933
shellfish,shell,fish,5.785714285714286,5.733333333333333,7.2831012561965265,2.724455101182008
shinbone,shin,bone,6.076923076923077,5.266666666666667,5.384458717097235,1.7393511412524305
shindig,shin,dig,1.9166666666666667,5.2,5.594904840934415,0.9820105404216577
shotgun,shot,gun,5.533333333333333,6.666666666666667,5.861660062550403,3.216944279998921
shutdown,shut,down,4.153846153846154,4.466666666666667,2.910763787695166,3.260056587023267
sickbay,sick,bay,3.75,3.727272727272727,4.481230132723894,0.5457264609384049
sickbed,sick,bed,5.076923076923077,5.466666666666667,5.275152603853399,1.547949236511818
sickroom,sick,room,5.357142857142857,5.285714285714286,4.6244491067740086,0.7863552407247681
sightsee,sight,see,5.8,5.133333333333334,5.311690985906199,0.7414528768072046
signpost,sign,post,5.133333333333334,4.785714285714286,4.415690472426676,1.539153223202332
silkworm,silk,worm,4.384615384615385,7.333333333333333,4.771916147657912,2.7487967058442173
singsong,sing,song,4.769230769230769,5.2,4.4849648771862896,1.5920053386611785
sisterhood,sister,hood,3.7142857142857135,2.066666666666667,4.194078289570654,1.28780950885982
skateboard,skate,board,5.533333333333333,4.933333333333334,2.7982233777829864,2.466782810386796
sketchbook,sketch,book,6.133333333333334,5.2,3.947117571724972,1.898383251788668
skinhead,skin,head,4.6923076923076925,5.266666666666667,4.677569856028309,0.7580047112484396
skullcap,skull,cap,5.416666666666667,5.4,5.138155858773152,2.4037808093531012
slapstick,slap,stick,2.909090909090909,3.533333333333333,4.868163842615394,1.7534935219558576
sleepwalk,sleep,walk,6.0,5.533333333333333,5.112831480629691,1.2517919015226877
slingshot,sling,shot,5.133333333333334,4.933333333333334,3.4217872614170006,2.389178217832468
slowpoke,slow,poke,3.142857142857143,2.066666666666667,5.841417568053066,1.1780157943422827
snakebite,snake,bite,6.733333333333333,5.6,4.816465784102304,2.1841363662222038
snapdragon,snap,dragon,2.25,5.214285714285714,5.35885143657077,0.9609307486760661
snapshot,snap,shot,4.0,6.133333333333334,4.863449884903819,1.7869029169565993
soapbox,soap,box,4.5,5.866666666666666,4.712532708303767,1.217919387596523
songbird,song,bird,5.857142857142857,6.133333333333334,5.754686021256496,1.8585778518239362
songbook,song,book,5.769230769230769,5.0,4.625560156993203,2.0003946630346934
soundproof,sound,proof,5.066666666666666,4.333333333333333,4.901884876569499,1.522800044620609
soundtrack,sound,track,4.0,4.4,4.628634442607858,3.518023279095812
sourdough,sour,dough,5.0,5.8,5.5393362565833595,2.491325499574824
soybean,soy,bean,5.642857142857143,6.533333333333333,4.210792255955965,3.8869236176557527
speedboat,speed,boat,6.0,6.2,6.98137304106747,3.0822760081571374
spellbound,spell,bound,4.071428571428571,4.785714285714286,5.048590776451413,0.9373198789313865
spendthrift,spend,thrift,4.545454545454546,6.416666666666667,5.389852318972123,1.6618567590290003
spillover,spill,over,4.5,3.066666666666667,3.653876029498612,1.2969260119778077
spotlight,spot,light,5.333333333333333,6.333333333333333,4.87686401426951,2.7570305260001855
spyglass,spy,glass,4.357142857142857,5.357142857142857,5.382411655736748,1.091494314802469
stagecoach,stage,coach,3.928571428571429,7.2,4.985033206746614,1.2425648070339852
staircase,stair,case,3.533333333333333,1.7333333333333334,2.1957370999981025,2.7689035040316763
stairway,stair,way,4.066666666666666,2.8,2.9259720508172338,2.862117247539556
stairwell,stair,well,3.4,2.1333333333333333,2.3099595959518004,1.9016090822642495
stalemate,stale,mate,2.923076923076923,4.428571428571429,4.080092985330219,1.4936744406216906
stateside,state,side,4.142857142857143,4.6923076923076925,5.14955687592478,0.40659851652554213
stationmaster,station,master,5.153846153846154,5.266666666666667,4.293054623459023,1.652758938578616
steadfast,stead,fast,2.7142857142857144,4.285714285714286,3.6943753229973426,1.5001051733161905
stingray,sting,ray,4.466666666666667,5.066666666666666,5.130528908702262,1.9096348266828933
stomachache,stomach,ache,6.4,5.2,5.5687350364905335,2.753540334499237
stovepipe,stove,pipe,4.833333333333333,5.066666666666666,4.8493297848663195,2.283317726088505
stowaway,stow,away,4.5,4.066666666666666,4.1472663498506925,1.1821196938056286
streamline,stream,line,3.928571428571429,5.214285714285714,5.008271148306603,1.0871967779706646
striptease,strip,tease,5.266666666666667,4.266666666666667,6.116685182520639,2.102774071570404
sunbeam,sun,beam,5.933333333333334,4.666666666666667,4.690363340405865,0.9339152786242642
sunburn,sun,burn,6.357142857142857,5.466666666666667,4.9101924377184085,2.127296955865527
sundown,sun,down,6.071428571428571,4.8,4.537147779890039,1.6077055875356394
sunflower,sun,flower,5.066666666666666,7.133333333333334,5.802004614622736,2.3051267116573326
sunlight,sun,light,6.769230769230769,5.0,5.347235597631599,3.931552830314848
sunrise,sun,rise,6.642857142857143,5.0,3.7201437753959414,2.1186704767547404
sunroof,sun,roof,5.571428571428571,6.333333333333333,6.209775559974474,1.7883482838594906
sunset,sun,set,5.266666666666667,4.6,4.1454255543612595,2.337354219842451
sunshine,sun,shine,6.0,4.333333333333333,4.9096728793858375,3.4410826021947933
sunspot,sun,spot,4.714285714285714,4.214285714285714,4.465979991961465,0.9762961451914663
sunstroke,sun,stroke,4.857142857142857,5.214285714285714,5.430187035618848,1.3227212445721503
suntan,sun,tan,5.785714285714286,6.4,5.211114309881955,1.5576628511837298
superhuman,super,human,5.933333333333334,4.866666666666666,5.360738560875064,1.8867199724237593
superimpose,super,impose,4.066666666666666,6.466666666666667,5.688866190703965,1.2841030708153305
superman,super,man,5.285714285714286,5.066666666666666,5.277681104348958,2.420736989409721
supermarket,super,market,4.285714285714286,8.666666666666666,5.632353323142941,2.409772212415952
supersonic,super,sonic,4.8,5.571428571428571,5.533349573473172,2.4060775535977355
superstar,super,star,4.6,5.533333333333333,6.798297052272251,3.4826486119695614
supervision,super,vision,4.333333333333333,5.866666666666666,5.8097008293749095,1.0467887425404345
surfboard,surf,board,6.357142857142857,6.0,3.513555026671441,2.1224125298289622
swimsuit,swim,suit,5.866666666666666,5.0,4.8614593602511675,2.134189723514475
takeoff,take,off,3.8,6.214285714285714,5.453742016914949,2.233925895399143
takeover,take,over,4.866666666666666,4.466666666666667,4.908320215979117,2.2919618898718976
tapeworm,tape,worm,3.6666666666666665,8.066666666666666,6.796788413196014,1.7251577882615714
taxicab,taxi,cab,5.4,4.076923076923077,4.83289246823812,4.361745332194403
teammate,team,mate,6.357142857142857,5.333333333333333,4.7103990986538085,3.5273556749671267
teamwork,team,work,6.066666666666666,4.533333333333333,4.965440118693096,2.2654405255241254
tearoom,tea,room,5.571428571428571,5.4,4.577890234245558,1.880538428923588
telltale,tell,tale,4.428571428571429,5.571428571428571,4.886305337689945,1.28912230986585
tenfold,ten,fold,3.8666666666666663,2.466666666666667,5.9765374331079935,1.795396243579978
textbook,text,book,5.933333333333334,6.333333333333333,5.662271336363906,3.1957590273528567
thoroughbred,thorough,bred,4.769230769230769,6.466666666666667,7.38334287333392,2.6897456216599847
threadbare,thread,bare,3.375,5.769230769230769,5.077253505504103,2.1676591606247904
threadlike,thread,like,5.333333333333333,2.8666666666666667,3.6323184338568004,0.9358626222038003
threesome,three,some,3.8666666666666663,2.0,4.45805019616909,0.8326805168881248
throughout,through,out,3.5,3.733333333333333,4.199583484863953,3.605743192283925
throwback,throw,back,3.2857142857142856,6.2,5.195933689738511,1.4099055569244583
tightrope,tight,rope,4.461538461538462,6.533333333333333,5.780894748420342,2.002981366197968
tightwad,tight,wad,3.3076923076923075,3.25,5.984070771756346,1.0894289955463392
tiptoe,tip,toe,5.266666666666667,5.733333333333333,6.011960420620635,1.2088982688689542
toadstool,toad,stool,2.533333333333333,5.6923076923076925,4.710315604809674,1.9031496617749484
toenail,toe,nail,6.642857142857143,4.933333333333334,5.288392223458751,3.048219149685468
tombstone,tomb,stone,5.714285714285714,3.933333333333333,4.342264822492386,2.873698022888916
torchlight,torch,light,5.933333333333334,5.857142857142857,3.480849013772711,1.5527487492878085
tortoiseshell,tortoise,shell,5.928571428571429,5.133333333333334,3.79949668427599,1.8552531976528497
touchdown,touch,down,3.733333333333333,4.928571428571429,5.555392037591968,1.9701520021549748
touchstone,touch,stone,2.8461538461538463,6.0,4.30517858044938,0.8811025615332616
township,town,ship,2.923076923076923,1.5714285714285714,2.800686284370936,2.483985416568534
trademark,trade,mark,3.6666666666666665,6.266666666666667,4.584772206193595,1.7113300377686684
treadmill,tread,mill,3.2,3.8,4.7227384975297095,1.3934966098771482
tugboat,tug,boat,4.666666666666667,7.0,4.571875826957877,3.7893553124754025
tumbleweed,tumble,weed,4.6923076923076925,6.866666666666666,5.344541662676222,1.3970249138713067
turtledove,turtle,dove,3.066666666666667,7.6923076923076925,5.0167166434100885,0.747867558575176
turtleneck,turtle,neck,3.4285714285714284,7.866666666666666,5.755375299016377,2.157744521092164
update,up,date,3.2857142857142856,5.933333333333334,5.631726093470721,2.5215415437840267
upend,up,end,2.909090909090909,5.615384615384615,5.2095224456844065,0.20637519468616605
upgrade,up,grade,3.357142857142857,3.8,5.099590710518517,2.375822263599417
uphill,up,hill,6.2,4.933333333333334,5.432224545030549,2.2010962462381105
uphold,up,hold,3.4285714285714284,5.866666666666666,6.078215439228221,1.8477806387288225
upkeep,up,keep,3.5384615384615383,6.5,5.491094028430189,1.1743285384115283
uplift,up,lift,4.4,5.6,5.667407966046447,1.4562406103873804
upright,up,right,4.2,4.066666666666666,5.68712834266624,2.393657454745072
uproar,up,roar,4.133333333333334,5.866666666666666,5.287859806037283,1.6125764482854135
uproot,up,root,4.533333333333333,4.933333333333334,6.335551904048122,2.1095592978783
upset,up,set,1.4,5.285714285714286,5.159133779760366,2.2507442427342554
upshot,up,shot,2.909090909090909,4.714285714285714,5.131476617061286,0.12388651723635402
upside,up,side,3.8,3.928571428571429,4.9038908826130925,2.3815175721827977
upstage,up,stage,3.4,5.466666666666667,6.030192491630187,0.7731846293707121
upstream,up,stream,5.133333333333334,5.533333333333333,6.299807310013357,2.743133499056698
uptight,up,tight,2.1333333333333333,7.133333333333334,5.460097945606035,1.364633301807615
uptown,up,town,4.357142857142857,5.933333333333334,5.558624362751122,1.3667914595088821
uttermost,utter,most,3.357142857142857,6.0,3.5127913518183753,0.6661917074180408
viewpoint,view,point,4.928571428571429,3.533333333333333,3.350570524614721,3.4395239867435263
vineyard,vine,yard,5.285714285714286,4.466666666666667,4.249407166662817,2.290060394000769
waistband,waist,band,5.571428571428571,4.266666666666667,2.4621308780629896,2.157707458091391
waistcoat,waist,coat,4.266666666666667,7.214285714285714,5.7211944930628995,3.2401259150745974
waistline,waist,line,4.428571428571429,2.6666666666666665,2.8202452502167685,2.4324506233398973
wallflower,wall,flower,3.0,4.466666666666667,6.162877985837674,0.6854639236710587
wallpaper,wall,paper,5.785714285714286,5.533333333333333,5.337336991994175,2.371731537358651
wanderlust,wander,lust,4.230769230769231,4.75,6.07119500970974,2.5299402242323064
wartime,war,time,6.307692307692308,3.466666666666667,3.427996848357464,3.2007213174366234
wastebasket,waste,basket,6.266666666666667,5.2,5.1700186888698685,1.6343346991217405
wasteland,waste,land,4.571428571428571,4.466666666666667,5.464468094163244,2.4140184653653405
wastewater,waste,water,4.785714285714286,5.8,4.417921368173744,4.048966102016965
waterfall,water,fall,6.266666666666667,4.666666666666667,3.9511255337738085,2.0699173779196696
waterfront,water,front,5.2,3.6666666666666665,4.706001888734159,1.9728380422790068
watermark,water,mark,4.2,7.142857142857143,4.984411462668388,0.6476143276168538
watermelon,water,melon,4.357142857142857,8.333333333333334,7.731676118832059,3.3213126703968623
waterproof,water,proof,3.7857142857142856,3.8,5.472671561814801,2.097652502675077
waterspout,water,spout,6.461538461538462,5.133333333333334,5.584851793345335,1.413159109393534
watertight,water,tight,4.538461538461538,4.785714285714286,5.259934624912922,1.516409355506525
waterway,water,way,5.153846153846154,3.733333333333333,4.267475951080359,2.280041768362593
wedlock,wed,lock,2.8181818181818183,4.466666666666667,4.487336987168449,1.7394243408333692
weekday,week,day,6.357142857142857,5.266666666666667,5.545720426474249,2.5639124289986195
weekend,week,end,6.066666666666666,5.4,3.256638105333557,4.50460258526906
werewolf,were,wolf,2.7857142857142856,8.266666666666667,7.055986978982862,1.6047060364878516
whatever,what,ever,3.230769230769231,4.333333333333333,3.66482542184651,4.207653521625247
whatnot,what,not,2.6,3.5,5.003182086782421,0.2355488470300624
whenever,when,ever,4.0,3.933333333333333,4.696797966133278,3.5817625767742314
whetstone,whet,stone,3.7,5.8,4.385024173293452,1.5970786591355388
whichever,which,ever,3.333333333333333,4.2,5.316964924510549,1.9826875937201889
whirlpool,whirl,pool,5.533333333333333,5.333333333333333,5.618057900853141,2.241886268508521
whirlwind,whirl,wind,5.266666666666667,5.8,4.132013116878404,2.4871520537798877
whoever,who,ever,3.571428571428572,2.8,5.097414657427127,2.812447760271941
wholesale,whole,sale,3.466666666666667,6.066666666666666,6.0667295743649,2.745555739347128
wholesome,whole,some,3.733333333333333,3.933333333333333,4.052521767525702,1.483951396182655
whomever,whom,ever,3.6666666666666665,3.933333333333333,4.275925868578112,1.8173898315254406
widespread,wide,spread,5.4,4.666666666666667,5.395371055486352,3.3228210014968385
willpower,will,power,5.333333333333333,4.6,5.606319915695085,1.3260345398801068
windowpane,window,pane,5.333333333333333,4.4,6.278368974132063,1.667492021483811
windowsill,window,sill,4.857142857142857,3.8666666666666663,5.140787566168317,2.437691338825304
wingspan,wing,span,5.466666666666667,4.333333333333333,4.8957751012519335,2.549056914243332
wintergreen,winter,green,2.6,6.083333333333333,4.233820462631183,0.6990037079905564
wintertime,winter,time,6.466666666666667,2.6666666666666665,3.04146130399326,1.8668312813119419
wiretap,wire,tap,4.214285714285714,4.733333333333333,5.2142751364457265,1.6645107833178077
wisecrack,wise,crack,3.2142857142857144,3.8666666666666663,5.004153646389051,0.8292694048747707
wishbone,wish,bone,4.857142857142857,7.266666666666667,5.629253594589915,0.897072561935395
witchcraft,witch,craft,5.0,3.6666666666666665,2.643000902036416,2.695752467868777
womanhood,woman,hood,3.642857142857143,1.8666666666666667,3.7097888792224083,1.2972289328433684
womankind,woman,kind,3.928571428571429,2.066666666666667,4.760576663475431,0.46263969748035627
wordplay,word,play,4.928571428571429,3.533333333333333,4.075370875926682,1.6226691928925003
worldwide,world,wide,4.928571428571429,3.066666666666667,4.1864014792080875,3.361379060577013
wristwatch,wrist,watch,6.266666666666667,6.333333333333333,4.221954554776106,2.503286926230844
yardstick,yards,tick,5.866666666666666,5.333333333333333,5.442741096948404,1.2368679049260707
yearbook,year,book,5.384615384615385,5.933333333333334,5.478864220183363,1.846408470278102
